date,currency_pair,exchange_rate,extracted_at
2021-04-06,USD/EGP,15.6,2026-04-06T21:21:23.987998
2021-04-07,USD/EGP,15.68,2026-04-06T21:21:23.988061
2021-04-08,USD/EGP,15.67,2026-04-06T21:21:23.988108
2021-04-09,USD/EGP,15.68,2026-04-06T21:21:23.988149
2021-04-12,USD/EGP,15.68,2026-04-06T21:21:23.988188
2021-04-13,USD/EGP,15.66,2026-04-06T21:21:23.988225
2021-04-14,USD/EGP,15.67,2026-04-06T21:21:23.988260
2021-04-15,USD/EGP,15.64,2026-04-06T21:21:23.988294
2021-04-16,USD/EGP,15.66,2026-04-06T21:21:23.988328
2021-04-19,USD/EGP,15.67,2026-04-06T21:21:23.988363
2021-04-20,USD/EGP,15.66,2026-04-06T21:21:23.988396
2021-04-21,USD/EGP,15.68,2026-04-06T21:21:23.988430
2021-04-22,USD/EGP,15.65,2026-04-06T21:21:23.988464
2021-04-23,USD/EGP,15.67,2026-04-06T21:21:23.988498
2021-04-26,USD/EGP,15.69,2026-04-06T21:21:23.988532
2021-04-27,USD/EGP,15.66,2026-04-06T21:21:23.988566
2021-04-28,USD/EGP,15.64,2026-04-06T21:21:23.988599
2021-04-29,USD/EGP,15.63,2026-04-06T21:21:23.988633
2021-04-30,USD/EGP,15.64,2026-04-06T21:21:23.988665
2021-05-03,USD/EGP,15.63,2026-04-06T21:21:23.988699
2021-05-04,USD/EGP,15.64,2026-04-06T21:21:23.988733
2021-05-05,USD/EGP,15.64,2026-04-06T21:21:23.988783
2021-05-06,USD/EGP,15.64,2026-04-06T21:21:23.988817
2021-05-07,USD/EGP,15.64,2026-04-06T21:21:23.988852
2021-05-10,USD/EGP,15.63,2026-04-06T21:21:23.988885
2021-05-11,USD/EGP,15.65,2026-04-06T21:21:23.988918
2021-05-12,USD/EGP,15.66,2026-04-06T21:21:23.988952
2021-05-13,USD/EGP,15.65,2026-04-06T21:21:23.988986
2021-05-14,USD/EGP,15.63,2026-04-06T21:21:23.989019
2021-05-17,USD/EGP,15.63,2026-04-06T21:21:23.989053
2021-05-18,USD/EGP,15.66,2026-04-06T21:21:23.989086
2021-05-19,USD/EGP,15.65,2026-04-06T21:21:23.989120
2021-05-20,USD/EGP,15.66,2026-04-06T21:21:23.989153
2021-05-21,USD/EGP,15.66,2026-04-06T21:21:23.989187
2021-05-24,USD/EGP,15.62,2026-04-06T21:21:23.989221
2021-05-25,USD/EGP,15.64,2026-04-06T21:21:23.989254
2021-05-26,USD/EGP,15.64,2026-04-06T21:21:23.989287
2021-05-27,USD/EGP,15.65,2026-04-06T21:21:23.989319
2021-05-28,USD/EGP,15.65,2026-04-06T21:21:23.989352
2021-05-31,USD/EGP,15.63,2026-04-06T21:21:23.989386
2021-06-01,USD/EGP,15.66,2026-04-06T21:21:23.989419
2021-06-02,USD/EGP,15.65,2026-04-06T21:21:23.989452
2021-06-03,USD/EGP,15.66,2026-04-06T21:21:23.989486
2021-06-04,USD/EGP,15.66,2026-04-06T21:21:23.989519
2021-06-07,USD/EGP,15.66,2026-04-06T21:21:23.989552
2021-06-08,USD/EGP,15.66,2026-04-06T21:21:23.989585
2021-06-09,USD/EGP,15.62,2026-04-06T21:21:23.989618
2021-06-10,USD/EGP,15.65,2026-04-06T21:21:23.989652
2021-06-11,USD/EGP,15.64,2026-04-06T21:21:23.989685
2021-06-14,USD/EGP,15.61,2026-04-06T21:21:23.989719
2021-06-15,USD/EGP,15.63,2026-04-06T21:21:23.989764
2021-06-16,USD/EGP,15.64,2026-04-06T21:21:23.989799
2021-06-17,USD/EGP,15.62,2026-04-06T21:21:23.989833
2021-06-18,USD/EGP,15.63,2026-04-06T21:21:23.989867
2021-06-21,USD/EGP,15.61,2026-04-06T21:21:23.989901
2021-06-22,USD/EGP,15.63,2026-04-06T21:21:23.989933
2021-06-23,USD/EGP,15.66,2026-04-06T21:21:23.989965
2021-06-24,USD/EGP,15.63,2026-04-06T21:21:23.989999
2021-06-25,USD/EGP,15.64,2026-04-06T21:21:23.990032
2021-06-28,USD/EGP,15.63,2026-04-06T21:21:23.990064
2021-06-29,USD/EGP,15.64,2026-04-06T21:21:23.990096
2021-06-30,USD/EGP,15.63,2026-04-06T21:21:23.990128
2021-07-01,USD/EGP,15.66,2026-04-06T21:21:23.990161
2021-07-02,USD/EGP,15.67,2026-04-06T21:21:23.990194
2021-07-05,USD/EGP,15.65,2026-04-06T21:21:23.990227
2021-07-06,USD/EGP,15.66,2026-04-06T21:21:23.990260
2021-07-07,USD/EGP,15.66,2026-04-06T21:21:23.990293
2021-07-08,USD/EGP,15.64,2026-04-06T21:21:23.990326
2021-07-09,USD/EGP,15.66,2026-04-06T21:21:23.990358
2021-07-12,USD/EGP,15.64,2026-04-06T21:21:23.990390
2021-07-13,USD/EGP,15.65,2026-04-06T21:21:23.990422
2021-07-14,USD/EGP,15.66,2026-04-06T21:21:23.990454
2021-07-15,USD/EGP,15.67,2026-04-06T21:21:23.990490
2021-07-16,USD/EGP,15.67,2026-04-06T21:21:23.990524
2021-07-19,USD/EGP,15.67,2026-04-06T21:21:23.990556
2021-07-20,USD/EGP,15.64,2026-04-06T21:21:23.990589
2021-07-21,USD/EGP,15.64,2026-04-06T21:21:23.990622
2021-07-22,USD/EGP,15.64,2026-04-06T21:21:23.990656
2021-07-23,USD/EGP,15.64,2026-04-06T21:21:23.990689
2021-07-26,USD/EGP,15.64,2026-04-06T21:21:23.990722
2021-07-27,USD/EGP,15.67,2026-04-06T21:21:23.990765
2021-07-28,USD/EGP,15.67,2026-04-06T21:21:23.990799
2021-07-29,USD/EGP,15.68,2026-04-06T21:21:23.990832
2021-07-30,USD/EGP,15.68,2026-04-06T21:21:23.990865
2021-08-02,USD/EGP,15.68,2026-04-06T21:21:23.990898
2021-08-03,USD/EGP,15.67,2026-04-06T21:21:23.990931
2021-08-04,USD/EGP,15.67,2026-04-06T21:21:23.990980
2021-08-05,USD/EGP,15.67,2026-04-06T21:21:23.991029
2021-08-06,USD/EGP,15.69,2026-04-06T21:21:23.991081
2021-08-09,USD/EGP,15.7,2026-04-06T21:21:23.991134
2021-08-10,USD/EGP,15.67,2026-04-06T21:21:23.991183
2021-08-11,USD/EGP,15.67,2026-04-06T21:21:23.991219
2021-08-12,USD/EGP,15.67,2026-04-06T21:21:23.991252
2021-08-13,USD/EGP,15.67,2026-04-06T21:21:23.991285
2021-08-16,USD/EGP,15.67,2026-04-06T21:21:23.991317
2021-08-17,USD/EGP,15.67,2026-04-06T21:21:23.991350
2021-08-18,USD/EGP,15.68,2026-04-06T21:21:23.991383
2021-08-19,USD/EGP,15.67,2026-04-06T21:21:23.991415
2021-08-20,USD/EGP,15.67,2026-04-06T21:21:23.991448
2021-08-23,USD/EGP,15.67,2026-04-06T21:21:23.991480
2021-08-24,USD/EGP,15.67,2026-04-06T21:21:23.991513
2021-08-25,USD/EGP,15.67,2026-04-06T21:21:23.991544
2021-08-26,USD/EGP,15.68,2026-04-06T21:21:23.991581
2021-08-27,USD/EGP,15.67,2026-04-06T21:21:23.991613
2021-08-30,USD/EGP,15.67,2026-04-06T21:21:23.991645
2021-08-31,USD/EGP,15.68,2026-04-06T21:21:23.991677
2021-09-01,USD/EGP,15.67,2026-04-06T21:21:23.991710
2021-09-02,USD/EGP,15.68,2026-04-06T21:21:23.991754
2021-09-03,USD/EGP,15.67,2026-04-06T21:21:23.991790
2021-09-06,USD/EGP,15.67,2026-04-06T21:21:23.991824
2021-09-07,USD/EGP,15.67,2026-04-06T21:21:23.991857
2021-09-08,USD/EGP,15.69,2026-04-06T21:21:23.991889
2021-09-09,USD/EGP,15.69,2026-04-06T21:21:23.991922
2021-09-10,USD/EGP,15.69,2026-04-06T21:21:23.991955
2021-09-13,USD/EGP,15.68,2026-04-06T21:21:23.991988
2021-09-14,USD/EGP,15.69,2026-04-06T21:21:23.992021
2021-09-15,USD/EGP,15.69,2026-04-06T21:21:23.992053
2021-09-16,USD/EGP,15.68,2026-04-06T21:21:23.992109
2021-09-17,USD/EGP,15.69,2026-04-06T21:21:23.992146
2021-09-20,USD/EGP,15.68,2026-04-06T21:21:23.992180
2021-09-21,USD/EGP,15.7,2026-04-06T21:21:23.992214
2021-09-22,USD/EGP,15.67,2026-04-06T21:21:23.992247
2021-09-23,USD/EGP,15.68,2026-04-06T21:21:23.992279
2021-09-24,USD/EGP,15.67,2026-04-06T21:21:23.992312
2021-09-27,USD/EGP,15.66,2026-04-06T21:21:23.992345
2021-09-28,USD/EGP,15.68,2026-04-06T21:21:23.992377
2021-09-29,USD/EGP,15.68,2026-04-06T21:21:23.992408
2021-09-30,USD/EGP,15.68,2026-04-06T21:21:23.992440
2021-10-01,USD/EGP,15.69,2026-04-06T21:21:23.992472
2021-10-04,USD/EGP,15.68,2026-04-06T21:21:23.992506
2021-10-05,USD/EGP,15.68,2026-04-06T21:21:23.992539
2021-10-06,USD/EGP,15.68,2026-04-06T21:21:23.992571
2021-10-07,USD/EGP,15.67,2026-04-06T21:21:23.992603
2021-10-08,USD/EGP,15.67,2026-04-06T21:21:23.992635
2021-10-11,USD/EGP,15.67,2026-04-06T21:21:23.992672
2021-10-12,USD/EGP,15.69,2026-04-06T21:21:23.992704
2021-10-13,USD/EGP,15.68,2026-04-06T21:21:23.992735
2021-10-14,USD/EGP,15.68,2026-04-06T21:21:23.992781
2021-10-15,USD/EGP,15.69,2026-04-06T21:21:23.992814
2021-10-18,USD/EGP,15.7,2026-04-06T21:21:23.992847
2021-10-19,USD/EGP,15.71,2026-04-06T21:21:23.992879
2021-10-20,USD/EGP,15.69,2026-04-06T21:21:23.992911
2021-10-21,USD/EGP,15.67,2026-04-06T21:21:23.992944
2021-10-22,USD/EGP,15.67,2026-04-06T21:21:23.992976
2021-10-25,USD/EGP,15.68,2026-04-06T21:21:23.993008
2021-10-26,USD/EGP,15.7,2026-04-06T21:21:23.993041
2021-10-27,USD/EGP,15.68,2026-04-06T21:21:23.993072
2021-10-28,USD/EGP,15.68,2026-04-06T21:21:23.993104
2021-10-29,USD/EGP,15.68,2026-04-06T21:21:23.993135
2021-11-01,USD/EGP,15.7,2026-04-06T21:21:23.993168
2021-11-02,USD/EGP,15.7,2026-04-06T21:21:23.993201
2021-11-03,USD/EGP,15.67,2026-04-06T21:21:23.993232
2021-11-04,USD/EGP,15.7,2026-04-06T21:21:23.993264
2021-11-05,USD/EGP,15.67,2026-04-06T21:21:23.993297
2021-11-08,USD/EGP,15.68,2026-04-06T21:21:23.993329
2021-11-09,USD/EGP,15.7,2026-04-06T21:21:23.993361
2021-11-10,USD/EGP,15.68,2026-04-06T21:21:23.993393
2021-11-11,USD/EGP,15.67,2026-04-06T21:21:23.993426
2021-11-12,USD/EGP,15.69,2026-04-06T21:21:23.993458
2021-11-15,USD/EGP,15.71,2026-04-06T21:21:23.993490
2021-11-16,USD/EGP,15.71,2026-04-06T21:21:23.993522
2021-11-17,USD/EGP,15.67,2026-04-06T21:21:23.993556
2021-11-18,USD/EGP,15.7,2026-04-06T21:21:23.993588
2021-11-19,USD/EGP,15.68,2026-04-06T21:21:23.993619
2021-11-22,USD/EGP,15.7,2026-04-06T21:21:23.993651
2021-11-23,USD/EGP,15.69,2026-04-06T21:21:23.993682
2021-11-24,USD/EGP,15.69,2026-04-06T21:21:23.993716
2021-11-25,USD/EGP,15.69,2026-04-06T21:21:23.993759
2021-11-26,USD/EGP,15.7,2026-04-06T21:21:23.993795
2021-11-29,USD/EGP,15.73,2026-04-06T21:21:23.993829
2021-11-30,USD/EGP,15.69,2026-04-06T21:21:23.993862
2021-12-01,USD/EGP,15.73,2026-04-06T21:21:23.993894
2021-12-02,USD/EGP,15.68,2026-04-06T21:21:23.993928
2021-12-03,USD/EGP,15.68,2026-04-06T21:21:23.993962
2021-12-06,USD/EGP,15.7,2026-04-06T21:21:23.993994
2021-12-07,USD/EGP,15.69,2026-04-06T21:21:23.994027
2021-12-08,USD/EGP,15.68,2026-04-06T21:21:23.994059
2021-12-09,USD/EGP,15.69,2026-04-06T21:21:23.994091
2021-12-10,USD/EGP,15.68,2026-04-06T21:21:23.994124
2021-12-13,USD/EGP,15.69,2026-04-06T21:21:23.994157
2021-12-14,USD/EGP,15.69,2026-04-06T21:21:23.994191
2021-12-15,USD/EGP,15.71,2026-04-06T21:21:23.994224
2021-12-16,USD/EGP,15.72,2026-04-06T21:21:23.994257
2021-12-17,USD/EGP,15.71,2026-04-06T21:21:23.994289
2021-12-20,USD/EGP,15.71,2026-04-06T21:21:23.994322
2021-12-21,USD/EGP,15.68,2026-04-06T21:21:23.994355
2021-12-22,USD/EGP,15.69,2026-04-06T21:21:23.994388
2021-12-23,USD/EGP,15.68,2026-04-06T21:21:23.994421
2021-12-24,USD/EGP,15.69,2026-04-06T21:21:23.994453
2021-12-27,USD/EGP,15.68,2026-04-06T21:21:23.994485
2021-12-28,USD/EGP,15.69,2026-04-06T21:21:23.994517
2021-12-29,USD/EGP,15.7,2026-04-06T21:21:23.994550
2021-12-30,USD/EGP,15.68,2026-04-06T21:21:23.994583
2021-12-31,USD/EGP,15.68,2026-04-06T21:21:23.994616
2022-01-03,USD/EGP,15.68,2026-04-06T21:21:23.994648
2022-01-04,USD/EGP,15.71,2026-04-06T21:21:23.994681
2022-01-05,USD/EGP,15.7,2026-04-06T21:21:23.994715
2022-01-06,USD/EGP,15.69,2026-04-06T21:21:23.994757
2022-01-07,USD/EGP,15.69,2026-04-06T21:21:23.994792
2022-01-10,USD/EGP,15.7,2026-04-06T21:21:23.994825
2022-01-11,USD/EGP,15.7,2026-04-06T21:21:23.994858
2022-01-12,USD/EGP,15.68,2026-04-06T21:21:23.994890
2022-01-13,USD/EGP,15.69,2026-04-06T21:21:23.994924
2022-01-14,USD/EGP,15.67,2026-04-06T21:21:23.994957
2022-01-17,USD/EGP,15.68,2026-04-06T21:21:23.994990
2022-01-18,USD/EGP,15.68,2026-04-06T21:21:23.995023
2022-01-19,USD/EGP,15.71,2026-04-06T21:21:23.995054
2022-01-20,USD/EGP,15.68,2026-04-06T21:21:23.995087
2022-01-21,USD/EGP,15.71,2026-04-06T21:21:23.995119
2022-01-24,USD/EGP,15.69,2026-04-06T21:21:23.995152
2022-01-25,USD/EGP,15.69,2026-04-06T21:21:23.995184
2022-01-26,USD/EGP,15.72,2026-04-06T21:21:23.995217
2022-01-27,USD/EGP,15.72,2026-04-06T21:21:23.995252
2022-01-28,USD/EGP,15.72,2026-04-06T21:21:23.995285
2022-01-31,USD/EGP,15.71,2026-04-06T21:21:23.995318
2022-02-01,USD/EGP,15.7,2026-04-06T21:21:23.995352
2022-02-02,USD/EGP,15.68,2026-04-06T21:21:23.995384
2022-02-03,USD/EGP,15.68,2026-04-06T21:21:23.995417
2022-02-04,USD/EGP,15.7,2026-04-06T21:21:23.995449
2022-02-07,USD/EGP,15.7,2026-04-06T21:21:23.995481
2022-02-08,USD/EGP,15.68,2026-04-06T21:21:23.995513
2022-02-09,USD/EGP,15.69,2026-04-06T21:21:23.995545
2022-02-10,USD/EGP,15.71,2026-04-06T21:21:23.995577
2022-02-11,USD/EGP,15.69,2026-04-06T21:21:23.995609
2022-02-14,USD/EGP,15.67,2026-04-06T21:21:23.995641
2022-02-15,USD/EGP,15.69,2026-04-06T21:21:23.995673
2022-02-16,USD/EGP,15.69,2026-04-06T21:21:23.995706
2022-02-17,USD/EGP,15.68,2026-04-06T21:21:23.995738
2022-02-18,USD/EGP,15.71,2026-04-06T21:21:23.995780
2022-02-21,USD/EGP,15.72,2026-04-06T21:21:23.995813
2022-02-22,USD/EGP,15.68,2026-04-06T21:21:23.995845
2022-02-23,USD/EGP,15.69,2026-04-06T21:21:23.995877
2022-02-24,USD/EGP,15.69,2026-04-06T21:21:23.995909
2022-02-25,USD/EGP,15.71,2026-04-06T21:21:23.995942
2022-02-28,USD/EGP,15.62,2026-04-06T21:21:23.995974
2022-03-01,USD/EGP,15.69,2026-04-06T21:21:23.996006
2022-03-02,USD/EGP,15.67,2026-04-06T21:21:23.996039
2022-03-03,USD/EGP,15.7,2026-04-06T21:21:23.996072
2022-03-04,USD/EGP,15.7,2026-04-06T21:21:23.996106
2022-03-07,USD/EGP,15.75,2026-04-06T21:21:23.996138
2022-03-08,USD/EGP,15.7,2026-04-06T21:21:23.996171
2022-03-09,USD/EGP,15.71,2026-04-06T21:21:23.996203
2022-03-10,USD/EGP,15.71,2026-04-06T21:21:23.996235
2022-03-11,USD/EGP,15.69,2026-04-06T21:21:23.996268
2022-03-14,USD/EGP,15.64,2026-04-06T21:21:23.996300
2022-03-15,USD/EGP,15.71,2026-04-06T21:21:23.996333
2022-03-16,USD/EGP,15.68,2026-04-06T21:21:23.996366
2022-03-17,USD/EGP,15.69,2026-04-06T21:21:23.996398
2022-03-18,USD/EGP,15.69,2026-04-06T21:21:23.996430
2022-03-21,USD/EGP,15.72,2026-04-06T21:21:23.996463
2022-03-22,USD/EGP,18.19,2026-04-06T21:21:23.996496
2022-03-23,USD/EGP,18.51,2026-04-06T21:21:23.996527
2022-03-24,USD/EGP,18.34,2026-04-06T21:21:23.996559
2022-03-25,USD/EGP,18.3,2026-04-06T21:21:23.996590
2022-03-28,USD/EGP,18.42,2026-04-06T21:21:23.996622
2022-03-29,USD/EGP,18.27,2026-04-06T21:21:23.996654
2022-03-30,USD/EGP,18.29,2026-04-06T21:21:23.996685
2022-03-31,USD/EGP,18.24,2026-04-06T21:21:23.996718
2022-04-01,USD/EGP,18.25,2026-04-06T21:21:23.996758
2022-04-04,USD/EGP,18.25,2026-04-06T21:21:23.996792
2022-04-05,USD/EGP,18.21,2026-04-06T21:21:23.996825
2022-04-06,USD/EGP,18.21,2026-04-06T21:21:23.996856
2022-04-07,USD/EGP,18.28,2026-04-06T21:21:23.996893
2022-04-08,USD/EGP,18.31,2026-04-06T21:21:23.996931
2022-04-11,USD/EGP,18.3,2026-04-06T21:21:23.996963
2022-04-12,USD/EGP,18.41,2026-04-06T21:21:23.996995
2022-04-13,USD/EGP,18.47,2026-04-06T21:21:23.997028
2022-04-14,USD/EGP,18.38,2026-04-06T21:21:23.997060
2022-04-15,USD/EGP,18.38,2026-04-06T21:21:23.997092
2022-04-18,USD/EGP,18.39,2026-04-06T21:21:23.997125
2022-04-19,USD/EGP,18.59,2026-04-06T21:21:23.997158
2022-04-20,USD/EGP,18.43,2026-04-06T21:21:23.997191
2022-04-21,USD/EGP,18.46,2026-04-06T21:21:23.997223
2022-04-22,USD/EGP,18.56,2026-04-06T21:21:23.997255
2022-04-25,USD/EGP,18.52,2026-04-06T21:21:23.997287
2022-04-26,USD/EGP,18.53,2026-04-06T21:21:23.997320
2022-04-27,USD/EGP,18.49,2026-04-06T21:21:23.997352
2022-04-28,USD/EGP,18.47,2026-04-06T21:21:23.997385
2022-04-29,USD/EGP,18.46,2026-04-06T21:21:23.997417
2022-05-02,USD/EGP,18.47,2026-04-06T21:21:23.997449
2022-05-03,USD/EGP,18.45,2026-04-06T21:21:23.997482
2022-05-04,USD/EGP,18.44,2026-04-06T21:21:23.997514
2022-05-05,USD/EGP,18.45,2026-04-06T21:21:23.997545
2022-05-06,USD/EGP,18.46,2026-04-06T21:21:23.997578
2022-05-09,USD/EGP,18.49,2026-04-06T21:21:23.997609
2022-05-10,USD/EGP,18.45,2026-04-06T21:21:23.997641
2022-05-11,USD/EGP,18.45,2026-04-06T21:21:23.997673
2022-05-12,USD/EGP,18.36,2026-04-06T21:21:23.997705
2022-05-13,USD/EGP,18.29,2026-04-06T21:21:23.997737
2022-05-16,USD/EGP,18.3,2026-04-06T21:21:23.997779
2022-05-17,USD/EGP,18.25,2026-04-06T21:21:23.997812
2022-05-18,USD/EGP,18.25,2026-04-06T21:21:23.997844
2022-05-19,USD/EGP,18.23,2026-04-06T21:21:23.997876
2022-05-20,USD/EGP,18.25,2026-04-06T21:21:23.997907
2022-05-23,USD/EGP,18.24,2026-04-06T21:21:23.997938
2022-05-24,USD/EGP,18.38,2026-04-06T21:21:23.997969
2022-05-25,USD/EGP,18.49,2026-04-06T21:21:23.998000
2022-05-26,USD/EGP,18.57,2026-04-06T21:21:23.998032
2022-05-27,USD/EGP,18.58,2026-04-06T21:21:23.998063
2022-05-30,USD/EGP,18.57,2026-04-06T21:21:23.998095
2022-05-31,USD/EGP,18.57,2026-04-06T21:21:23.998127
2022-06-01,USD/EGP,18.58,2026-04-06T21:21:23.998158
2022-06-02,USD/EGP,18.6,2026-04-06T21:21:23.998189
2022-06-03,USD/EGP,18.62,2026-04-06T21:21:23.998220
2022-06-06,USD/EGP,18.59,2026-04-06T21:21:23.998251
2022-06-07,USD/EGP,18.62,2026-04-06T21:21:23.998283
2022-06-08,USD/EGP,18.66,2026-04-06T21:21:23.998314
2022-06-09,USD/EGP,18.66,2026-04-06T21:21:23.998345
2022-06-10,USD/EGP,18.68,2026-04-06T21:21:23.998377
2022-06-13,USD/EGP,18.74,2026-04-06T21:21:23.998409
2022-06-14,USD/EGP,18.69,2026-04-06T21:21:23.998440
2022-06-15,USD/EGP,18.71,2026-04-06T21:21:23.998471
2022-06-16,USD/EGP,18.74,2026-04-06T21:21:23.998502
2022-06-17,USD/EGP,18.71,2026-04-06T21:21:23.998534
2022-06-20,USD/EGP,18.72,2026-04-06T21:21:23.998566
2022-06-21,USD/EGP,18.74,2026-04-06T21:21:23.998599
2022-06-22,USD/EGP,18.72,2026-04-06T21:21:23.998636
2022-06-23,USD/EGP,18.71,2026-04-06T21:21:23.998669
2022-06-24,USD/EGP,18.76,2026-04-06T21:21:23.998700
2022-06-27,USD/EGP,18.73,2026-04-06T21:21:23.998731
2022-06-28,USD/EGP,18.75,2026-04-06T21:21:23.998772
2022-06-29,USD/EGP,18.77,2026-04-06T21:21:23.998804
2022-06-30,USD/EGP,18.77,2026-04-06T21:21:23.998835
2022-07-01,USD/EGP,18.77,2026-04-06T21:21:23.998866
2022-07-04,USD/EGP,18.76,2026-04-06T21:21:23.998899
2022-07-05,USD/EGP,18.84,2026-04-06T21:21:23.998931
2022-07-06,USD/EGP,18.83,2026-04-06T21:21:23.998963
2022-07-07,USD/EGP,18.86,2026-04-06T21:21:23.998995
2022-07-08,USD/EGP,18.85,2026-04-06T21:21:23.999027
2022-07-11,USD/EGP,18.86,2026-04-06T21:21:23.999059
2022-07-12,USD/EGP,18.84,2026-04-06T21:21:23.999090
2022-07-13,USD/EGP,18.86,2026-04-06T21:21:23.999122
2022-07-14,USD/EGP,18.84,2026-04-06T21:21:23.999153
2022-07-15,USD/EGP,18.85,2026-04-06T21:21:23.999184
2022-07-18,USD/EGP,18.83,2026-04-06T21:21:23.999215
2022-07-19,USD/EGP,18.89,2026-04-06T21:21:23.999247
2022-07-20,USD/EGP,18.88,2026-04-06T21:21:23.999279
2022-07-21,USD/EGP,18.92,2026-04-06T21:21:23.999310
2022-07-22,USD/EGP,18.89,2026-04-06T21:21:23.999341
2022-07-25,USD/EGP,18.91,2026-04-06T21:21:23.999373
2022-07-26,USD/EGP,18.93,2026-04-06T21:21:23.999405
2022-07-27,USD/EGP,18.93,2026-04-06T21:21:23.999437
2022-07-28,USD/EGP,18.91,2026-04-06T21:21:23.999468
2022-07-29,USD/EGP,18.9,2026-04-06T21:21:23.999500
2022-08-01,USD/EGP,18.91,2026-04-06T21:21:23.999531
2022-08-02,USD/EGP,18.95,2026-04-06T21:21:23.999562
2022-08-03,USD/EGP,19.02,2026-04-06T21:21:23.999594
2022-08-04,USD/EGP,19.06,2026-04-06T21:21:23.999629
2022-08-05,USD/EGP,19.11,2026-04-06T21:21:23.999661
2022-08-08,USD/EGP,19.1,2026-04-06T21:21:23.999692
2022-08-09,USD/EGP,19.14,2026-04-06T21:21:23.999724
2022-08-10,USD/EGP,19.14,2026-04-06T21:21:23.999764
2022-08-11,USD/EGP,19.1,2026-04-06T21:21:23.999798
2022-08-12,USD/EGP,19.11,2026-04-06T21:21:23.999830
2022-08-15,USD/EGP,19.13,2026-04-06T21:21:23.999862
2022-08-16,USD/EGP,19.12,2026-04-06T21:21:23.999893
2022-08-17,USD/EGP,19.13,2026-04-06T21:21:23.999924
2022-08-18,USD/EGP,19.1,2026-04-06T21:21:23.999957
2022-08-19,USD/EGP,19.12,2026-04-06T21:21:23.999989
2022-08-22,USD/EGP,19.12,2026-04-06T21:21:24.000020
2022-08-23,USD/EGP,19.14,2026-04-06T21:21:24.000051
2022-08-24,USD/EGP,19.14,2026-04-06T21:21:24.000083
2022-08-25,USD/EGP,19.18,2026-04-06T21:21:24.000114
2022-08-26,USD/EGP,19.17,2026-04-06T21:21:24.000146
2022-08-29,USD/EGP,19.21,2026-04-06T21:21:24.000178
2022-08-30,USD/EGP,19.18,2026-04-06T21:21:24.000210
2022-08-31,USD/EGP,19.21,2026-04-06T21:21:24.000242
2022-09-01,USD/EGP,19.2,2026-04-06T21:21:24.000275
2022-09-02,USD/EGP,19.2,2026-04-06T21:21:24.000307
2022-09-05,USD/EGP,19.28,2026-04-06T21:21:24.000339
2022-09-06,USD/EGP,19.21,2026-04-06T21:21:24.000370
2022-09-07,USD/EGP,19.23,2026-04-06T21:21:24.000401
2022-09-08,USD/EGP,19.23,2026-04-06T21:21:24.000432
2022-09-09,USD/EGP,19.3,2026-04-06T21:21:24.000463
2022-09-12,USD/EGP,19.24,2026-04-06T21:21:24.000495
2022-09-13,USD/EGP,19.33,2026-04-06T21:21:24.000527
2022-09-14,USD/EGP,19.33,2026-04-06T21:21:24.000559
2022-09-15,USD/EGP,19.34,2026-04-06T21:21:24.000592
2022-09-16,USD/EGP,19.4,2026-04-06T21:21:24.000624
2022-09-19,USD/EGP,19.22,2026-04-06T21:21:24.000659
2022-09-20,USD/EGP,19.39,2026-04-06T21:21:24.000691
2022-09-21,USD/EGP,19.42,2026-04-06T21:21:24.000722
2022-09-22,USD/EGP,19.45,2026-04-06T21:21:24.000763
2022-09-23,USD/EGP,19.46,2026-04-06T21:21:24.000796
2022-09-26,USD/EGP,19.58,2026-04-06T21:21:24.000828
2022-09-27,USD/EGP,19.53,2026-04-06T21:21:24.000861
2022-09-28,USD/EGP,19.46,2026-04-06T21:21:24.000892
2022-09-29,USD/EGP,19.51,2026-04-06T21:21:24.000924
2022-09-30,USD/EGP,19.52,2026-04-06T21:21:24.000955
2022-10-03,USD/EGP,19.53,2026-04-06T21:21:24.000987
2022-10-04,USD/EGP,19.59,2026-04-06T21:21:24.001020
2022-10-05,USD/EGP,19.63,2026-04-06T21:21:24.001052
2022-10-06,USD/EGP,19.63,2026-04-06T21:21:24.001085
2022-10-07,USD/EGP,19.61,2026-04-06T21:21:24.001116
2022-10-10,USD/EGP,19.74,2026-04-06T21:21:24.001149
2022-10-11,USD/EGP,19.64,2026-04-06T21:21:24.001180
2022-10-12,USD/EGP,19.65,2026-04-06T21:21:24.001212
2022-10-13,USD/EGP,19.65,2026-04-06T21:21:24.001245
2022-10-14,USD/EGP,19.63,2026-04-06T21:21:24.001277
2022-10-17,USD/EGP,19.59,2026-04-06T21:21:24.001311
2022-10-18,USD/EGP,19.65,2026-04-06T21:21:24.001344
2022-10-19,USD/EGP,19.64,2026-04-06T21:21:24.001376
2022-10-20,USD/EGP,19.64,2026-04-06T21:21:24.001408
2022-10-21,USD/EGP,19.59,2026-04-06T21:21:24.001441
2022-10-24,USD/EGP,19.59,2026-04-06T21:21:24.001473
2022-10-25,USD/EGP,19.64,2026-04-06T21:21:24.001505
2022-10-26,USD/EGP,19.67,2026-04-06T21:21:24.001537
2022-10-27,USD/EGP,19.67,2026-04-06T21:21:24.001569
2022-10-28,USD/EGP,23.13,2026-04-06T21:21:24.001601
2022-10-31,USD/EGP,23.15,2026-04-06T21:21:24.001633
2022-11-01,USD/EGP,24.15,2026-04-06T21:21:24.001666
2022-11-02,USD/EGP,24.17,2026-04-06T21:21:24.001700
2022-11-03,USD/EGP,24.06,2026-04-06T21:21:24.001733
2022-11-04,USD/EGP,24.22,2026-04-06T21:21:24.001776
2022-11-07,USD/EGP,23.78,2026-04-06T21:21:24.001811
2022-11-08,USD/EGP,24.3,2026-04-06T21:21:24.001843
2022-11-09,USD/EGP,24.32,2026-04-06T21:21:24.001876
2022-11-10,USD/EGP,24.36,2026-04-06T21:21:24.001910
2022-11-11,USD/EGP,24.37,2026-04-06T21:21:24.001943
2022-11-14,USD/EGP,24.43,2026-04-06T21:21:24.001974
2022-11-15,USD/EGP,24.42,2026-04-06T21:21:24.002007
2022-11-16,USD/EGP,24.43,2026-04-06T21:21:24.002038
2022-11-17,USD/EGP,24.45,2026-04-06T21:21:24.002069
2022-11-18,USD/EGP,24.49,2026-04-06T21:21:24.002100
2022-11-21,USD/EGP,24.45,2026-04-06T21:21:24.002134
2022-11-22,USD/EGP,24.49,2026-04-06T21:21:24.002167
2022-11-23,USD/EGP,24.48,2026-04-06T21:21:24.002198
2022-11-24,USD/EGP,24.52,2026-04-06T21:21:24.002230
2022-11-25,USD/EGP,24.55,2026-04-06T21:21:24.002262
2022-11-28,USD/EGP,24.62,2026-04-06T21:21:24.002293
2022-11-29,USD/EGP,24.54,2026-04-06T21:21:24.002326
2022-11-30,USD/EGP,24.52,2026-04-06T21:21:24.002357
2022-12-01,USD/EGP,24.52,2026-04-06T21:21:24.002389
2022-12-02,USD/EGP,24.53,2026-04-06T21:21:24.002420
2022-12-05,USD/EGP,24.53,2026-04-06T21:21:24.002452
2022-12-06,USD/EGP,24.53,2026-04-06T21:21:24.002483
2022-12-07,USD/EGP,24.57,2026-04-06T21:21:24.002515
2022-12-08,USD/EGP,24.61,2026-04-06T21:21:24.002547
2022-12-09,USD/EGP,24.57,2026-04-06T21:21:24.002579
2022-12-12,USD/EGP,24.6,2026-04-06T21:21:24.002611
2022-12-13,USD/EGP,24.62,2026-04-06T21:21:24.002643
2022-12-14,USD/EGP,24.63,2026-04-06T21:21:24.002675
2022-12-15,USD/EGP,24.68,2026-04-06T21:21:24.002707
2022-12-16,USD/EGP,24.62,2026-04-06T21:21:24.002749
2022-12-19,USD/EGP,24.66,2026-04-06T21:21:24.002785
2022-12-20,USD/EGP,24.7,2026-04-06T21:21:24.002817
2022-12-21,USD/EGP,24.67,2026-04-06T21:21:24.002848
2022-12-22,USD/EGP,24.71,2026-04-06T21:21:24.002881
2022-12-23,USD/EGP,24.72,2026-04-06T21:21:24.002912
2022-12-26,USD/EGP,24.72,2026-04-06T21:21:24.002944
2022-12-27,USD/EGP,24.66,2026-04-06T21:21:24.002975
2022-12-28,USD/EGP,24.67,2026-04-06T21:21:24.003006
2022-12-29,USD/EGP,24.71,2026-04-06T21:21:24.003040
2022-12-30,USD/EGP,24.74,2026-04-06T21:21:24.003072
2023-01-02,USD/EGP,24.73,2026-04-06T21:21:24.003104
2023-01-03,USD/EGP,24.69,2026-04-06T21:21:24.003137
2023-01-04,USD/EGP,24.75,2026-04-06T21:21:24.003169
2023-01-05,USD/EGP,26.42,2026-04-06T21:21:24.003201
2023-01-06,USD/EGP,27.17,2026-04-06T21:21:24.003233
2023-01-09,USD/EGP,27.15,2026-04-06T21:21:24.003266
2023-01-10,USD/EGP,27.57,2026-04-06T21:21:24.003298
2023-01-11,USD/EGP,27.64,2026-04-06T21:21:24.003330
2023-01-12,USD/EGP,29.68,2026-04-06T21:21:24.003362
2023-01-13,USD/EGP,29.52,2026-04-06T21:21:24.003393
2023-01-16,USD/EGP,29.54,2026-04-06T21:21:24.003425
2023-01-17,USD/EGP,29.62,2026-04-06T21:21:24.003456
2023-01-18,USD/EGP,29.55,2026-04-06T21:21:24.003487
2023-01-19,USD/EGP,29.62,2026-04-06T21:21:24.003519
2023-01-20,USD/EGP,29.81,2026-04-06T21:21:24.003551
2023-01-23,USD/EGP,29.79,2026-04-06T21:21:24.003582
2023-01-24,USD/EGP,29.84,2026-04-06T21:21:24.003614
2023-01-25,USD/EGP,29.82,2026-04-06T21:21:24.003646
2023-01-26,USD/EGP,29.86,2026-04-06T21:21:24.003679
2023-01-27,USD/EGP,29.87,2026-04-06T21:21:24.003711
2023-01-30,USD/EGP,29.86,2026-04-06T21:21:24.003753
2023-01-31,USD/EGP,30.05,2026-04-06T21:21:24.003788
2023-02-01,USD/EGP,30.15,2026-04-06T21:21:24.003821
2023-02-02,USD/EGP,30.17,2026-04-06T21:21:24.003853
2023-02-03,USD/EGP,30.25,2026-04-06T21:21:24.003886
2023-02-06,USD/EGP,30.26,2026-04-06T21:21:24.003917
2023-02-07,USD/EGP,30.16,2026-04-06T21:21:24.003949
2023-02-08,USD/EGP,30.26,2026-04-06T21:21:24.003981
2023-02-09,USD/EGP,30.34,2026-04-06T21:21:24.004014
2023-02-10,USD/EGP,30.47,2026-04-06T21:21:24.004045
2023-02-13,USD/EGP,30.48,2026-04-06T21:21:24.004080
2023-02-14,USD/EGP,30.5,2026-04-06T21:21:24.004113
2023-02-15,USD/EGP,30.57,2026-04-06T21:21:24.004145
2023-02-16,USD/EGP,30.51,2026-04-06T21:21:24.004177
2023-02-17,USD/EGP,30.54,2026-04-06T21:21:24.004210
2023-02-20,USD/EGP,30.56,2026-04-06T21:21:24.004241
2023-02-21,USD/EGP,30.53,2026-04-06T21:21:24.004273
2023-02-22,USD/EGP,30.57,2026-04-06T21:21:24.004306
2023-02-23,USD/EGP,30.6,2026-04-06T21:21:24.004337
2023-02-24,USD/EGP,30.6,2026-04-06T21:21:24.004369
2023-02-27,USD/EGP,30.59,2026-04-06T21:21:24.004401
2023-02-28,USD/EGP,30.6,2026-04-06T21:21:24.004432
2023-03-01,USD/EGP,30.6,2026-04-06T21:21:24.004464
2023-03-02,USD/EGP,30.6,2026-04-06T21:21:24.004496
2023-03-03,USD/EGP,30.74,2026-04-06T21:21:24.004528
2023-03-06,USD/EGP,30.77,2026-04-06T21:21:24.004558
2023-03-07,USD/EGP,30.79,2026-04-06T21:21:24.004590
2023-03-08,USD/EGP,30.71,2026-04-06T21:21:24.004622
2023-03-09,USD/EGP,30.85,2026-04-06T21:21:24.004654
2023-03-10,USD/EGP,30.87,2026-04-06T21:21:24.004686
2023-03-13,USD/EGP,30.49,2026-04-06T21:21:24.004719
2023-03-14,USD/EGP,30.87,2026-04-06T21:21:24.004789
2023-03-15,USD/EGP,30.87,2026-04-06T21:21:24.004838
2023-03-16,USD/EGP,30.88,2026-04-06T21:21:24.004872
2023-03-17,USD/EGP,30.77,2026-04-06T21:21:24.004904
2023-03-20,USD/EGP,30.75,2026-04-06T21:21:24.004936
2023-03-21,USD/EGP,30.87,2026-04-06T21:21:24.004968
2023-03-22,USD/EGP,30.87,2026-04-06T21:21:24.005000
2023-03-23,USD/EGP,30.87,2026-04-06T21:21:24.005031
2023-03-24,USD/EGP,30.92,2026-04-06T21:21:24.005063
2023-03-27,USD/EGP,30.82,2026-04-06T21:21:24.005096
2023-03-28,USD/EGP,30.87,2026-04-06T21:21:24.005128
2023-03-29,USD/EGP,30.88,2026-04-06T21:21:24.005163
2023-03-30,USD/EGP,30.77,2026-04-06T21:21:24.005196
2023-03-31,USD/EGP,30.87,2026-04-06T21:21:24.005229
2023-04-03,USD/EGP,30.88,2026-04-06T21:21:24.005264
2023-04-04,USD/EGP,30.87,2026-04-06T21:21:24.005297
2023-04-05,USD/EGP,30.87,2026-04-06T21:21:24.005330
2023-04-06,USD/EGP,30.87,2026-04-06T21:21:24.005362
2023-04-07,USD/EGP,30.87,2026-04-06T21:21:24.005394
2023-04-10,USD/EGP,30.84,2026-04-06T21:21:24.005426
2023-04-11,USD/EGP,31.02,2026-04-06T21:21:24.005457
2023-04-12,USD/EGP,30.77,2026-04-06T21:21:24.005490
2023-04-13,USD/EGP,30.88,2026-04-06T21:21:24.005521
2023-04-14,USD/EGP,30.86,2026-04-06T21:21:24.005553
2023-04-17,USD/EGP,30.92,2026-04-06T21:21:24.005585
2023-04-18,USD/EGP,30.87,2026-04-06T21:21:24.005616
2023-04-19,USD/EGP,30.87,2026-04-06T21:21:24.005647
2023-04-20,USD/EGP,30.87,2026-04-06T21:21:24.005680
2023-04-21,USD/EGP,30.87,2026-04-06T21:21:24.005712
2023-04-24,USD/EGP,30.87,2026-04-06T21:21:24.005754
2023-04-25,USD/EGP,30.87,2026-04-06T21:21:24.005789
2023-04-26,USD/EGP,30.87,2026-04-06T21:21:24.005822
2023-04-27,USD/EGP,30.92,2026-04-06T21:21:24.005855
2023-04-28,USD/EGP,30.88,2026-04-06T21:21:24.005890
2023-05-01,USD/EGP,30.9,2026-04-06T21:21:24.005923
2023-05-02,USD/EGP,31.03,2026-04-06T21:21:24.005954
2023-05-03,USD/EGP,30.88,2026-04-06T21:21:24.005987
2023-05-04,USD/EGP,30.92,2026-04-06T21:21:24.006019
2023-05-05,USD/EGP,30.92,2026-04-06T21:21:24.006052
2023-05-08,USD/EGP,30.77,2026-04-06T21:21:24.006084
2023-05-09,USD/EGP,30.87,2026-04-06T21:21:24.006116
2023-05-10,USD/EGP,30.87,2026-04-06T21:21:24.006153
2023-05-11,USD/EGP,30.86,2026-04-06T21:21:24.006186
2023-05-12,USD/EGP,30.87,2026-04-06T21:21:24.006218
2023-05-15,USD/EGP,30.86,2026-04-06T21:21:24.006249
2023-05-16,USD/EGP,30.87,2026-04-06T21:21:24.006281
2023-05-17,USD/EGP,30.87,2026-04-06T21:21:24.006313
2023-05-18,USD/EGP,30.87,2026-04-06T21:21:24.006345
2023-05-19,USD/EGP,30.87,2026-04-06T21:21:24.006377
2023-05-22,USD/EGP,30.79,2026-04-06T21:21:24.006410
2023-05-23,USD/EGP,30.87,2026-04-06T21:21:24.006442
2023-05-24,USD/EGP,30.77,2026-04-06T21:21:24.006474
2023-05-25,USD/EGP,30.87,2026-04-06T21:21:24.006506
2023-05-26,USD/EGP,30.87,2026-04-06T21:21:24.006537
2023-05-29,USD/EGP,30.88,2026-04-06T21:21:24.006569
2023-05-30,USD/EGP,30.87,2026-04-06T21:21:24.006601
2023-05-31,USD/EGP,30.77,2026-04-06T21:21:24.006633
2023-06-01,USD/EGP,30.87,2026-04-06T21:21:24.006665
2023-06-02,USD/EGP,30.87,2026-04-06T21:21:24.006696
2023-06-05,USD/EGP,30.9,2026-04-06T21:21:24.006728
2023-06-06,USD/EGP,30.77,2026-04-06T21:21:24.006771
2023-06-07,USD/EGP,30.86,2026-04-06T21:21:24.006804
2023-06-08,USD/EGP,30.92,2026-04-06T21:21:24.006836
2023-06-09,USD/EGP,30.92,2026-04-06T21:21:24.006871
2023-06-12,USD/EGP,30.92,2026-04-06T21:21:24.006907
2023-06-13,USD/EGP,30.87,2026-04-06T21:21:24.006943
2023-06-14,USD/EGP,30.87,2026-04-06T21:21:24.006975
2023-06-15,USD/EGP,30.87,2026-04-06T21:21:24.007007
2023-06-16,USD/EGP,30.87,2026-04-06T21:21:24.007039
2023-06-19,USD/EGP,30.86,2026-04-06T21:21:24.007071
2023-06-20,USD/EGP,30.87,2026-04-06T21:21:24.007102
2023-06-21,USD/EGP,30.87,2026-04-06T21:21:24.007133
2023-06-22,USD/EGP,30.87,2026-04-06T21:21:24.007165
2023-06-23,USD/EGP,30.88,2026-04-06T21:21:24.007199
2023-06-26,USD/EGP,30.82,2026-04-06T21:21:24.007231
2023-06-27,USD/EGP,30.86,2026-04-06T21:21:24.007263
2023-06-28,USD/EGP,30.87,2026-04-06T21:21:24.007295
2023-06-29,USD/EGP,30.87,2026-04-06T21:21:24.007327
2023-06-30,USD/EGP,30.87,2026-04-06T21:21:24.007358
2023-07-03,USD/EGP,30.88,2026-04-06T21:21:24.007389
2023-07-04,USD/EGP,30.88,2026-04-06T21:21:24.007420
2023-07-05,USD/EGP,30.87,2026-04-06T21:21:24.007451
2023-07-06,USD/EGP,30.86,2026-04-06T21:21:24.007482
2023-07-07,USD/EGP,30.87,2026-04-06T21:21:24.007514
2023-07-10,USD/EGP,30.87,2026-04-06T21:21:24.007545
2023-07-11,USD/EGP,30.87,2026-04-06T21:21:24.007577
2023-07-12,USD/EGP,30.89,2026-04-06T21:21:24.007609
2023-07-13,USD/EGP,30.89,2026-04-06T21:21:24.007641
2023-07-14,USD/EGP,30.87,2026-04-06T21:21:24.007674
2023-07-17,USD/EGP,30.87,2026-04-06T21:21:24.007706
2023-07-18,USD/EGP,30.88,2026-04-06T21:21:24.007738
2023-07-19,USD/EGP,30.87,2026-04-06T21:21:24.007781
2023-07-20,USD/EGP,30.77,2026-04-06T21:21:24.007813
2023-07-21,USD/EGP,30.77,2026-04-06T21:21:24.007845
2023-07-24,USD/EGP,30.77,2026-04-06T21:21:24.007877
2023-07-25,USD/EGP,30.87,2026-04-06T21:21:24.007909
2023-07-26,USD/EGP,30.87,2026-04-06T21:21:24.007943
2023-07-27,USD/EGP,30.87,2026-04-06T21:21:24.007975
2023-07-28,USD/EGP,30.88,2026-04-06T21:21:24.008007
2023-07-31,USD/EGP,30.78,2026-04-06T21:21:24.008040
2023-08-01,USD/EGP,30.88,2026-04-06T21:21:24.008072
2023-08-02,USD/EGP,30.87,2026-04-06T21:21:24.008104
2023-08-03,USD/EGP,30.87,2026-04-06T21:21:24.008136
2023-08-04,USD/EGP,30.93,2026-04-06T21:21:24.008168
2023-08-07,USD/EGP,30.76,2026-04-06T21:21:24.008199
2023-08-08,USD/EGP,30.87,2026-04-06T21:21:24.008233
2023-08-09,USD/EGP,30.87,2026-04-06T21:21:24.008265
2023-08-10,USD/EGP,30.87,2026-04-06T21:21:24.008298
2023-08-11,USD/EGP,30.87,2026-04-06T21:21:24.008331
2023-08-14,USD/EGP,31.01,2026-04-06T21:21:24.008363
2023-08-15,USD/EGP,30.86,2026-04-06T21:21:24.008395
2023-08-16,USD/EGP,30.87,2026-04-06T21:21:24.008428
2023-08-17,USD/EGP,30.87,2026-04-06T21:21:24.008459
2023-08-18,USD/EGP,30.86,2026-04-06T21:21:24.008491
2023-08-21,USD/EGP,30.73,2026-04-06T21:21:24.008523
2023-08-22,USD/EGP,30.88,2026-04-06T21:21:24.008557
2023-08-23,USD/EGP,30.87,2026-04-06T21:21:24.008589
2023-08-24,USD/EGP,30.87,2026-04-06T21:21:24.008622
2023-08-25,USD/EGP,30.87,2026-04-06T21:21:24.008653
2023-08-28,USD/EGP,30.89,2026-04-06T21:21:24.008685
2023-08-29,USD/EGP,30.87,2026-04-06T21:21:24.008716
2023-08-30,USD/EGP,30.92,2026-04-06T21:21:24.008755
2023-08-31,USD/EGP,30.88,2026-04-06T21:21:24.008790
2023-09-01,USD/EGP,30.86,2026-04-06T21:21:24.008823
2023-09-04,USD/EGP,30.88,2026-04-06T21:21:24.008854
2023-09-05,USD/EGP,30.88,2026-04-06T21:21:24.008885
2023-09-06,USD/EGP,30.9,2026-04-06T21:21:24.008916
2023-09-07,USD/EGP,30.86,2026-04-06T21:21:24.008948
2023-09-08,USD/EGP,30.87,2026-04-06T21:21:24.008983
2023-09-11,USD/EGP,30.82,2026-04-06T21:21:24.009015
2023-09-12,USD/EGP,30.9,2026-04-06T21:21:24.009047
2023-09-13,USD/EGP,30.87,2026-04-06T21:21:24.009079
2023-09-14,USD/EGP,30.87,2026-04-06T21:21:24.009110
2023-09-15,USD/EGP,30.92,2026-04-06T21:21:24.009142
2023-09-18,USD/EGP,30.89,2026-04-06T21:21:24.009174
2023-09-19,USD/EGP,30.87,2026-04-06T21:21:24.009207
2023-09-20,USD/EGP,30.88,2026-04-06T21:21:24.009240
2023-09-21,USD/EGP,30.87,2026-04-06T21:21:24.009274
2023-09-22,USD/EGP,30.87,2026-04-06T21:21:24.009307
2023-09-25,USD/EGP,30.83,2026-04-06T21:21:24.009341
2023-09-26,USD/EGP,30.9,2026-04-06T21:21:24.009374
2023-09-27,USD/EGP,30.9,2026-04-06T21:21:24.009406
2023-09-28,USD/EGP,30.87,2026-04-06T21:21:24.009438
2023-09-29,USD/EGP,30.88,2026-04-06T21:21:24.009470
2023-10-02,USD/EGP,31.0,2026-04-06T21:21:24.009502
2023-10-03,USD/EGP,30.9,2026-04-06T21:21:24.009534
2023-10-04,USD/EGP,30.89,2026-04-06T21:21:24.009566
2023-10-05,USD/EGP,30.77,2026-04-06T21:21:24.009599
2023-10-06,USD/EGP,30.77,2026-04-06T21:21:24.009632
2023-10-09,USD/EGP,30.73,2026-04-06T21:21:24.009665
2023-10-10,USD/EGP,30.87,2026-04-06T21:21:24.009697
2023-10-11,USD/EGP,30.88,2026-04-06T21:21:24.009728
2023-10-12,USD/EGP,30.89,2026-04-06T21:21:24.009769
2023-10-13,USD/EGP,30.87,2026-04-06T21:21:24.009803
2023-10-16,USD/EGP,30.83,2026-04-06T21:21:24.009836
2023-10-17,USD/EGP,30.89,2026-04-06T21:21:24.009868
2023-10-18,USD/EGP,30.87,2026-04-06T21:21:24.009901
2023-10-19,USD/EGP,30.89,2026-04-06T21:21:24.009933
2023-10-20,USD/EGP,30.87,2026-04-06T21:21:24.009966
2023-10-23,USD/EGP,30.87,2026-04-06T21:21:24.009999
2023-10-24,USD/EGP,30.87,2026-04-06T21:21:24.010036
2023-10-25,USD/EGP,30.89,2026-04-06T21:21:24.010068
2023-10-26,USD/EGP,30.86,2026-04-06T21:21:24.010101
2023-10-27,USD/EGP,30.87,2026-04-06T21:21:24.010134
2023-10-30,USD/EGP,30.74,2026-04-06T21:21:24.010166
2023-10-31,USD/EGP,30.87,2026-04-06T21:21:24.010199
2023-11-01,USD/EGP,30.89,2026-04-06T21:21:24.010235
2023-11-02,USD/EGP,30.87,2026-04-06T21:21:24.010268
2023-11-03,USD/EGP,30.87,2026-04-06T21:21:24.010301
2023-11-06,USD/EGP,30.52,2026-04-06T21:21:24.010333
2023-11-07,USD/EGP,30.87,2026-04-06T21:21:24.010365
2023-11-08,USD/EGP,30.77,2026-04-06T21:21:24.010397
2023-11-09,USD/EGP,30.87,2026-04-06T21:21:24.010428
2023-11-10,USD/EGP,30.87,2026-04-06T21:21:24.010460
2023-11-13,USD/EGP,30.72,2026-04-06T21:21:24.010492
2023-11-14,USD/EGP,30.87,2026-04-06T21:21:24.010524
2023-11-15,USD/EGP,30.88,2026-04-06T21:21:24.010555
2023-11-16,USD/EGP,30.89,2026-04-06T21:21:24.010586
2023-11-17,USD/EGP,30.9,2026-04-06T21:21:24.010617
2023-11-20,USD/EGP,30.67,2026-04-06T21:21:24.010649
2023-11-21,USD/EGP,30.9,2026-04-06T21:21:24.010681
2023-11-22,USD/EGP,30.87,2026-04-06T21:21:24.010713
2023-11-23,USD/EGP,30.88,2026-04-06T21:21:24.010764
2023-11-24,USD/EGP,30.87,2026-04-06T21:21:24.010805
2023-11-27,USD/EGP,30.69,2026-04-06T21:21:24.010838
2023-11-28,USD/EGP,30.87,2026-04-06T21:21:24.010870
2023-11-29,USD/EGP,30.89,2026-04-06T21:21:24.010903
2023-11-30,USD/EGP,30.92,2026-04-06T21:21:24.010935
2023-12-01,USD/EGP,30.87,2026-04-06T21:21:24.010968
2023-12-04,USD/EGP,30.79,2026-04-06T21:21:24.011000
2023-12-05,USD/EGP,30.9,2026-04-06T21:21:24.011033
2023-12-06,USD/EGP,30.77,2026-04-06T21:21:24.011065
2023-12-07,USD/EGP,30.92,2026-04-06T21:21:24.011101
2023-12-08,USD/EGP,30.87,2026-04-06T21:21:24.011134
2023-12-11,USD/EGP,30.81,2026-04-06T21:21:24.011166
2023-12-12,USD/EGP,30.89,2026-04-06T21:21:24.011198
2023-12-13,USD/EGP,30.9,2026-04-06T21:21:24.011230
2023-12-14,USD/EGP,30.87,2026-04-06T21:21:24.011262
2023-12-15,USD/EGP,30.9,2026-04-06T21:21:24.011296
2023-12-18,USD/EGP,30.9,2026-04-06T21:21:24.011329
2023-12-19,USD/EGP,30.88,2026-04-06T21:21:24.011361
2023-12-20,USD/EGP,30.89,2026-04-06T21:21:24.011393
2023-12-21,USD/EGP,30.87,2026-04-06T21:21:24.011425
2023-12-22,USD/EGP,30.88,2026-04-06T21:21:24.011457
2023-12-25,USD/EGP,30.86,2026-04-06T21:21:24.011488
2023-12-26,USD/EGP,30.84,2026-04-06T21:21:24.011520
2023-12-27,USD/EGP,30.78,2026-04-06T21:21:24.011552
2023-12-28,USD/EGP,30.77,2026-04-06T21:21:24.011585
2023-12-29,USD/EGP,30.89,2026-04-06T21:21:24.011617
2024-01-01,USD/EGP,30.89,2026-04-06T21:21:24.011649
2024-01-02,USD/EGP,31.0,2026-04-06T21:21:24.011682
2024-01-03,USD/EGP,30.9,2026-04-06T21:21:24.011714
2024-01-04,USD/EGP,30.9,2026-04-06T21:21:24.011768
2024-01-05,USD/EGP,30.76,2026-04-06T21:21:24.011818
2024-01-08,USD/EGP,30.59,2026-04-06T21:21:24.011867
2024-01-09,USD/EGP,30.88,2026-04-06T21:21:24.011916
2024-01-10,USD/EGP,30.87,2026-04-06T21:21:24.011958
2024-01-11,USD/EGP,30.86,2026-04-06T21:21:24.011993
2024-01-12,USD/EGP,30.88,2026-04-06T21:21:24.012032
2024-01-15,USD/EGP,30.89,2026-04-06T21:21:24.012066
2024-01-16,USD/EGP,30.91,2026-04-06T21:21:24.012099
2024-01-17,USD/EGP,30.87,2026-04-06T21:21:24.012132
2024-01-18,USD/EGP,30.87,2026-04-06T21:21:24.012164
2024-01-19,USD/EGP,30.86,2026-04-06T21:21:24.012202
2024-01-22,USD/EGP,30.75,2026-04-06T21:21:24.012235
2024-01-23,USD/EGP,30.88,2026-04-06T21:21:24.012268
2024-01-24,USD/EGP,30.87,2026-04-06T21:21:24.012301
2024-01-25,USD/EGP,30.87,2026-04-06T21:21:24.012334
2024-01-26,USD/EGP,30.87,2026-04-06T21:21:24.012366
2024-01-29,USD/EGP,30.85,2026-04-06T21:21:24.012398
2024-01-30,USD/EGP,30.88,2026-04-06T21:21:24.012431
2024-01-31,USD/EGP,30.91,2026-04-06T21:21:24.012463
2024-02-01,USD/EGP,30.87,2026-04-06T21:21:24.012496
2024-02-02,USD/EGP,30.86,2026-04-06T21:21:24.012528
2024-02-05,USD/EGP,31.06,2026-04-06T21:21:24.012560
2024-02-06,USD/EGP,30.87,2026-04-06T21:21:24.012592
2024-02-07,USD/EGP,30.88,2026-04-06T21:21:24.012624
2024-02-08,USD/EGP,30.87,2026-04-06T21:21:24.012657
2024-02-09,USD/EGP,30.87,2026-04-06T21:21:24.012690
2024-02-12,USD/EGP,30.68,2026-04-06T21:21:24.012722
2024-02-13,USD/EGP,30.87,2026-04-06T21:21:24.012770
2024-02-14,USD/EGP,30.88,2026-04-06T21:21:24.012901
2024-02-15,USD/EGP,30.87,2026-04-06T21:21:24.012937
2024-02-16,USD/EGP,30.87,2026-04-06T21:21:24.012972
2024-02-19,USD/EGP,30.74,2026-04-06T21:21:24.013005
2024-02-20,USD/EGP,30.87,2026-04-06T21:21:24.013037
2024-02-21,USD/EGP,30.91,2026-04-06T21:21:24.013069
2024-02-22,USD/EGP,30.88,2026-04-06T21:21:24.013102
2024-02-23,USD/EGP,30.88,2026-04-06T21:21:24.013134
2024-02-26,USD/EGP,30.87,2026-04-06T21:21:24.013166
2024-02-27,USD/EGP,30.91,2026-04-06T21:21:24.013198
2024-02-28,USD/EGP,30.87,2026-04-06T21:21:24.013230
2024-02-29,USD/EGP,30.91,2026-04-06T21:21:24.013262
2024-03-01,USD/EGP,30.87,2026-04-06T21:21:24.013295
2024-03-04,USD/EGP,30.86,2026-04-06T21:21:24.013328
2024-03-05,USD/EGP,30.88,2026-04-06T21:21:24.013364
2024-03-06,USD/EGP,30.87,2026-04-06T21:21:24.013399
2024-03-07,USD/EGP,49.53,2026-04-06T21:21:24.013430
2024-03-08,USD/EGP,49.32,2026-04-06T21:21:24.013463
2024-03-11,USD/EGP,49.23,2026-04-06T21:21:24.013497
2024-03-12,USD/EGP,49.02,2026-04-06T21:21:24.013531
2024-03-13,USD/EGP,48.77,2026-04-06T21:21:24.013563
2024-03-14,USD/EGP,48.42,2026-04-06T21:21:24.013620
2024-03-15,USD/EGP,47.77,2026-04-06T21:21:24.013655
2024-03-18,USD/EGP,47.71,2026-04-06T21:21:24.013690
2024-03-19,USD/EGP,47.09,2026-04-06T21:21:24.013723
2024-03-20,USD/EGP,47.02,2026-04-06T21:21:24.013786
2024-03-21,USD/EGP,46.87,2026-04-06T21:21:24.013824
2024-03-22,USD/EGP,46.62,2026-04-06T21:21:24.013861
2024-03-25,USD/EGP,46.65,2026-04-06T21:21:24.013895
2024-03-26,USD/EGP,47.37,2026-04-06T21:21:24.013928
2024-03-27,USD/EGP,47.79,2026-04-06T21:21:24.013961
2024-03-28,USD/EGP,47.22,2026-04-06T21:21:24.013994
2024-03-29,USD/EGP,47.37,2026-04-06T21:21:24.014026
2024-04-01,USD/EGP,47.29,2026-04-06T21:21:24.014058
2024-04-02,USD/EGP,47.61,2026-04-06T21:21:24.014091
2024-04-03,USD/EGP,47.13,2026-04-06T21:21:24.014123
2024-04-04,USD/EGP,47.33,2026-04-06T21:21:24.014156
2024-04-05,USD/EGP,47.33,2026-04-06T21:21:24.014189
2024-04-08,USD/EGP,47.27,2026-04-06T21:21:24.014221
2024-04-09,USD/EGP,47.52,2026-04-06T21:21:24.014253
2024-04-10,USD/EGP,47.52,2026-04-06T21:21:24.014284
2024-04-11,USD/EGP,47.52,2026-04-06T21:21:24.014317
2024-04-12,USD/EGP,47.52,2026-04-06T21:21:24.014349
2024-04-15,USD/EGP,47.51,2026-04-06T21:21:24.014381
2024-04-16,USD/EGP,48.23,2026-04-06T21:21:24.014413
2024-04-17,USD/EGP,48.48,2026-04-06T21:21:24.014444
2024-04-18,USD/EGP,48.48,2026-04-06T21:21:24.014480
2024-04-19,USD/EGP,48.31,2026-04-06T21:21:24.014512
2024-04-22,USD/EGP,48.25,2026-04-06T21:21:24.014544
2024-04-23,USD/EGP,48.14,2026-04-06T21:21:24.014575
2024-04-24,USD/EGP,48.02,2026-04-06T21:21:24.014606
2024-04-25,USD/EGP,47.87,2026-04-06T21:21:24.014639
2024-04-26,USD/EGP,47.88,2026-04-06T21:21:24.014672
2024-04-29,USD/EGP,47.82,2026-04-06T21:21:24.014707
2024-04-30,USD/EGP,47.83,2026-04-06T21:21:24.014753
2024-05-01,USD/EGP,47.84,2026-04-06T21:21:24.014796
2024-05-02,USD/EGP,47.64,2026-04-06T21:21:24.014829
2024-05-03,USD/EGP,47.92,2026-04-06T21:21:24.014862
2024-05-06,USD/EGP,47.93,2026-04-06T21:21:24.014895
2024-05-07,USD/EGP,47.92,2026-04-06T21:21:24.014929
2024-05-08,USD/EGP,47.69,2026-04-06T21:21:24.014962
2024-05-09,USD/EGP,47.53,2026-04-06T21:21:24.014994
2024-05-10,USD/EGP,47.37,2026-04-06T21:21:24.015026
2024-05-13,USD/EGP,47.38,2026-04-06T21:21:24.015059
2024-05-14,USD/EGP,47.04,2026-04-06T21:21:24.015091
2024-05-15,USD/EGP,46.83,2026-04-06T21:21:24.015123
2024-05-16,USD/EGP,46.8,2026-04-06T21:21:24.015156
2024-05-17,USD/EGP,46.88,2026-04-06T21:21:24.015188
2024-05-20,USD/EGP,46.88,2026-04-06T21:21:24.015220
2024-05-21,USD/EGP,46.61,2026-04-06T21:21:24.015251
2024-05-22,USD/EGP,46.71,2026-04-06T21:21:24.015283
2024-05-23,USD/EGP,46.76,2026-04-06T21:21:24.015316
2024-05-24,USD/EGP,47.13,2026-04-06T21:21:24.015348
2024-05-27,USD/EGP,47.13,2026-04-06T21:21:24.015381
2024-05-28,USD/EGP,47.14,2026-04-06T21:21:24.015413
2024-05-29,USD/EGP,47.57,2026-04-06T21:21:24.015446
2024-05-30,USD/EGP,47.37,2026-04-06T21:21:24.015478
2024-05-31,USD/EGP,47.22,2026-04-06T21:21:24.015510
2024-06-03,USD/EGP,47.16,2026-04-06T21:21:24.015548
2024-06-04,USD/EGP,47.07,2026-04-06T21:21:24.015581
2024-06-05,USD/EGP,47.42,2026-04-06T21:21:24.015613
2024-06-06,USD/EGP,47.57,2026-04-06T21:21:24.015644
2024-06-07,USD/EGP,47.48,2026-04-06T21:21:24.015676
2024-06-10,USD/EGP,47.67,2026-04-06T21:21:24.015708
2024-06-11,USD/EGP,47.68,2026-04-06T21:21:24.015754
2024-06-12,USD/EGP,47.54,2026-04-06T21:21:24.015802
2024-06-13,USD/EGP,47.66,2026-04-06T21:21:24.015836
2024-06-14,USD/EGP,47.69,2026-04-06T21:21:24.015869
2024-06-17,USD/EGP,47.7,2026-04-06T21:21:24.015901
2024-06-18,USD/EGP,47.67,2026-04-06T21:21:24.015934
2024-06-19,USD/EGP,47.68,2026-04-06T21:21:24.015967
2024-06-20,USD/EGP,47.68,2026-04-06T21:21:24.016000
2024-06-21,USD/EGP,47.67,2026-04-06T21:21:24.016033
2024-06-24,USD/EGP,47.71,2026-04-06T21:21:24.016065
2024-06-25,USD/EGP,48.3,2026-04-06T21:21:24.016098
2024-06-26,USD/EGP,48.35,2026-04-06T21:21:24.016130
2024-06-27,USD/EGP,48.02,2026-04-06T21:21:24.016163
2024-06-28,USD/EGP,48.0,2026-04-06T21:21:24.016195
2024-07-01,USD/EGP,47.87,2026-04-06T21:21:24.016227
2024-07-02,USD/EGP,48.27,2026-04-06T21:21:24.016259
2024-07-03,USD/EGP,48.13,2026-04-06T21:21:24.016291
2024-07-04,USD/EGP,48.11,2026-04-06T21:21:24.016322
2024-07-05,USD/EGP,47.96,2026-04-06T21:21:24.016354
2024-07-08,USD/EGP,48.03,2026-04-06T21:21:24.016386
2024-07-09,USD/EGP,47.9,2026-04-06T21:21:24.016417
2024-07-10,USD/EGP,48.05,2026-04-06T21:21:24.016450
2024-07-11,USD/EGP,47.97,2026-04-06T21:21:24.016482
2024-07-12,USD/EGP,47.97,2026-04-06T21:21:24.016514
2024-07-15,USD/EGP,48.1,2026-04-06T21:21:24.016547
2024-07-16,USD/EGP,47.91,2026-04-06T21:21:24.016582
2024-07-17,USD/EGP,48.01,2026-04-06T21:21:24.016614
2024-07-18,USD/EGP,48.17,2026-04-06T21:21:24.016647
2024-07-19,USD/EGP,48.22,2026-04-06T21:21:24.016679
2024-07-22,USD/EGP,48.15,2026-04-06T21:21:24.016711
2024-07-23,USD/EGP,48.38,2026-04-06T21:21:24.016754
2024-07-24,USD/EGP,48.34,2026-04-06T21:21:24.016791
2024-07-25,USD/EGP,48.31,2026-04-06T21:21:24.016824
2024-07-26,USD/EGP,48.3,2026-04-06T21:21:24.016863
2024-07-29,USD/EGP,48.32,2026-04-06T21:21:24.016896
2024-07-30,USD/EGP,48.29,2026-04-06T21:21:24.016929
2024-07-31,USD/EGP,48.42,2026-04-06T21:21:24.016961
2024-08-01,USD/EGP,48.54,2026-04-06T21:21:24.016994
2024-08-02,USD/EGP,48.67,2026-04-06T21:21:24.017026
2024-08-05,USD/EGP,48.64,2026-04-06T21:21:24.017058
2024-08-06,USD/EGP,49.22,2026-04-06T21:21:24.017090
2024-08-07,USD/EGP,49.17,2026-04-06T21:21:24.017122
2024-08-08,USD/EGP,49.22,2026-04-06T21:21:24.017155
2024-08-09,USD/EGP,49.22,2026-04-06T21:21:24.017188
2024-08-12,USD/EGP,49.24,2026-04-06T21:21:24.017219
2024-08-13,USD/EGP,49.29,2026-04-06T21:21:24.017255
2024-08-14,USD/EGP,49.34,2026-04-06T21:21:24.017288
2024-08-15,USD/EGP,49.06,2026-04-06T21:21:24.017321
2024-08-16,USD/EGP,48.89,2026-04-06T21:21:24.017354
2024-08-19,USD/EGP,48.87,2026-04-06T21:21:24.017386
2024-08-20,USD/EGP,48.75,2026-04-06T21:21:24.017418
2024-08-21,USD/EGP,48.88,2026-04-06T21:21:24.017450
2024-08-22,USD/EGP,48.75,2026-04-06T21:21:24.017482
2024-08-23,USD/EGP,48.75,2026-04-06T21:21:24.017514
2024-08-26,USD/EGP,48.78,2026-04-06T21:21:24.017546
2024-08-27,USD/EGP,48.7,2026-04-06T21:21:24.017580
2024-08-28,USD/EGP,48.67,2026-04-06T21:21:24.017612
2024-08-29,USD/EGP,48.63,2026-04-06T21:21:24.017648
2024-08-30,USD/EGP,48.59,2026-04-06T21:21:24.017681
2024-09-02,USD/EGP,48.61,2026-04-06T21:21:24.017713
2024-09-03,USD/EGP,48.5,2026-04-06T21:21:24.017755
2024-09-04,USD/EGP,48.47,2026-04-06T21:21:24.017789
2024-09-05,USD/EGP,48.46,2026-04-06T21:21:24.017823
2024-09-06,USD/EGP,48.41,2026-04-06T21:21:24.017856
2024-09-09,USD/EGP,48.4,2026-04-06T21:21:24.017889
2024-09-10,USD/EGP,48.32,2026-04-06T21:21:24.017924
2024-09-11,USD/EGP,48.33,2026-04-06T21:21:24.017957
2024-09-12,USD/EGP,48.35,2026-04-06T21:21:24.017988
2024-09-13,USD/EGP,48.39,2026-04-06T21:21:24.018020
2024-09-16,USD/EGP,48.32,2026-04-06T21:21:24.018053
2024-09-17,USD/EGP,48.39,2026-04-06T21:21:24.018085
2024-09-18,USD/EGP,48.37,2026-04-06T21:21:24.018116
2024-09-19,USD/EGP,48.5,2026-04-06T21:21:24.018148
2024-09-20,USD/EGP,48.51,2026-04-06T21:21:24.018179
2024-09-23,USD/EGP,48.48,2026-04-06T21:21:24.018211
2024-09-24,USD/EGP,48.62,2026-04-06T21:21:24.018243
2024-09-25,USD/EGP,48.66,2026-04-06T21:21:24.018275
2024-09-26,USD/EGP,48.52,2026-04-06T21:21:24.018307
2024-09-27,USD/EGP,48.34,2026-04-06T21:21:24.018339
2024-09-30,USD/EGP,48.29,2026-04-06T21:21:24.018372
2024-10-01,USD/EGP,48.26,2026-04-06T21:21:24.018405
2024-10-02,USD/EGP,48.21,2026-04-06T21:21:24.018437
2024-10-03,USD/EGP,48.35,2026-04-06T21:21:24.018469
2024-10-04,USD/EGP,48.32,2026-04-06T21:21:24.018502
2024-10-07,USD/EGP,48.33,2026-04-06T21:21:24.018535
2024-10-08,USD/EGP,48.37,2026-04-06T21:21:24.018567
2024-10-09,USD/EGP,48.58,2026-04-06T21:21:24.018599
2024-10-10,USD/EGP,48.47,2026-04-06T21:21:24.018632
2024-10-11,USD/EGP,48.56,2026-04-06T21:21:24.018664
2024-10-14,USD/EGP,48.6,2026-04-06T21:21:24.018701
2024-10-15,USD/EGP,48.57,2026-04-06T21:21:24.018734
2024-10-16,USD/EGP,48.52,2026-04-06T21:21:24.018777
2024-10-17,USD/EGP,48.56,2026-04-06T21:21:24.018810
2024-10-18,USD/EGP,48.6,2026-04-06T21:21:24.018842
2024-10-21,USD/EGP,48.6,2026-04-06T21:21:24.018875
2024-10-22,USD/EGP,48.64,2026-04-06T21:21:24.018907
2024-10-23,USD/EGP,48.67,2026-04-06T21:21:24.018942
2024-10-24,USD/EGP,48.7,2026-04-06T21:21:24.018976
2024-10-25,USD/EGP,48.75,2026-04-06T21:21:24.019009
2024-10-28,USD/EGP,48.76,2026-04-06T21:21:24.019043
2024-10-29,USD/EGP,48.67,2026-04-06T21:21:24.019076
2024-10-30,USD/EGP,48.67,2026-04-06T21:21:24.019109
2024-10-31,USD/EGP,48.71,2026-04-06T21:21:24.019141
2024-11-01,USD/EGP,48.93,2026-04-06T21:21:24.019174
2024-11-04,USD/EGP,48.73,2026-04-06T21:21:24.019207
2024-11-05,USD/EGP,49.04,2026-04-06T21:21:24.019240
2024-11-06,USD/EGP,49.12,2026-04-06T21:21:24.019272
2024-11-07,USD/EGP,49.21,2026-04-06T21:21:24.019306
2024-11-08,USD/EGP,49.27,2026-04-06T21:21:24.019339
2024-11-11,USD/EGP,49.29,2026-04-06T21:21:24.019372
2024-11-12,USD/EGP,49.2,2026-04-06T21:21:24.019404
2024-11-13,USD/EGP,49.19,2026-04-06T21:21:24.019437
2024-11-14,USD/EGP,49.3,2026-04-06T21:21:24.019469
2024-11-15,USD/EGP,49.58,2026-04-06T21:21:24.019500
2024-11-18,USD/EGP,49.33,2026-04-06T21:21:24.019533
2024-11-19,USD/EGP,49.42,2026-04-06T21:21:24.019565
2024-11-20,USD/EGP,49.52,2026-04-06T21:21:24.019597
2024-11-21,USD/EGP,49.69,2026-04-06T21:21:24.019630
2024-11-22,USD/EGP,49.64,2026-04-06T21:21:24.019663
2024-11-25,USD/EGP,49.34,2026-04-06T21:21:24.019695
2024-11-26,USD/EGP,49.59,2026-04-06T21:21:24.019728
2024-11-27,USD/EGP,49.59,2026-04-06T21:21:24.019773
2024-11-28,USD/EGP,49.65,2026-04-06T21:21:24.019805
2024-11-29,USD/EGP,49.56,2026-04-06T21:21:24.019838
2024-12-02,USD/EGP,49.73,2026-04-06T21:21:24.019871
2024-12-03,USD/EGP,49.69,2026-04-06T21:21:24.019904
2024-12-04,USD/EGP,49.71,2026-04-06T21:21:24.019936
2024-12-05,USD/EGP,49.78,2026-04-06T21:21:24.019969
2024-12-06,USD/EGP,49.95,2026-04-06T21:21:24.020003
2024-12-09,USD/EGP,49.97,2026-04-06T21:21:24.020036
2024-12-10,USD/EGP,50.47,2026-04-06T21:21:24.020068
2024-12-11,USD/EGP,50.42,2026-04-06T21:21:24.020100
2024-12-12,USD/EGP,50.61,2026-04-06T21:21:24.020132
2024-12-13,USD/EGP,50.79,2026-04-06T21:21:24.020163
2024-12-16,USD/EGP,50.77,2026-04-06T21:21:24.020195
2024-12-17,USD/EGP,50.77,2026-04-06T21:21:24.020226
2024-12-18,USD/EGP,50.75,2026-04-06T21:21:24.020258
2024-12-19,USD/EGP,50.84,2026-04-06T21:21:24.020290
2024-12-20,USD/EGP,50.89,2026-04-06T21:21:24.020322
2024-12-23,USD/EGP,50.86,2026-04-06T21:21:24.020354
2024-12-24,USD/EGP,51.05,2026-04-06T21:21:24.020385
2024-12-25,USD/EGP,50.85,2026-04-06T21:21:24.020430
2024-12-26,USD/EGP,50.86,2026-04-06T21:21:24.020479
2024-12-27,USD/EGP,50.75,2026-04-06T21:21:24.020514
2024-12-30,USD/EGP,50.82,2026-04-06T21:21:24.020548
2024-12-31,USD/EGP,50.81,2026-04-06T21:21:24.020581
2025-01-02,USD/EGP,50.8,2026-04-06T21:21:24.020613
2025-01-03,USD/EGP,50.76,2026-04-06T21:21:24.020649
2025-01-06,USD/EGP,50.77,2026-04-06T21:21:24.020682
2025-01-07,USD/EGP,50.62,2026-04-06T21:21:24.020714
2025-01-08,USD/EGP,50.62,2026-04-06T21:21:24.020755
2025-01-09,USD/EGP,50.58,2026-04-06T21:21:24.020789
2025-01-10,USD/EGP,50.53,2026-04-06T21:21:24.020825
2025-01-13,USD/EGP,50.54,2026-04-06T21:21:24.020858
2025-01-14,USD/EGP,50.47,2026-04-06T21:21:24.020890
2025-01-15,USD/EGP,50.42,2026-04-06T21:21:24.020922
2025-01-16,USD/EGP,50.39,2026-04-06T21:21:24.020954
2025-01-17,USD/EGP,50.37,2026-04-06T21:21:24.020985
2025-01-20,USD/EGP,50.34,2026-04-06T21:21:24.021017
2025-01-21,USD/EGP,50.29,2026-04-06T21:21:24.021049
2025-01-22,USD/EGP,50.27,2026-04-06T21:21:24.021083
2025-01-23,USD/EGP,50.29,2026-04-06T21:21:24.021117
2025-01-24,USD/EGP,50.27,2026-04-06T21:21:24.021149
2025-01-27,USD/EGP,50.41,2026-04-06T21:21:24.021183
2025-01-28,USD/EGP,50.22,2026-04-06T21:21:24.021215
2025-01-29,USD/EGP,50.19,2026-04-06T21:21:24.021247
2025-01-30,USD/EGP,50.19,2026-04-06T21:21:24.021280
2025-01-31,USD/EGP,50.2,2026-04-06T21:21:24.021312
2025-02-03,USD/EGP,50.77,2026-04-06T21:21:24.021344
2025-02-04,USD/EGP,50.34,2026-04-06T21:21:24.021376
2025-02-05,USD/EGP,50.25,2026-04-06T21:21:24.021409
2025-02-06,USD/EGP,50.3,2026-04-06T21:21:24.021440
2025-02-07,USD/EGP,50.26,2026-04-06T21:21:24.021473
2025-02-10,USD/EGP,50.35,2026-04-06T21:21:24.021505
2025-02-11,USD/EGP,50.25,2026-04-06T21:21:24.021537
2025-02-12,USD/EGP,50.41,2026-04-06T21:21:24.021569
2025-02-13,USD/EGP,50.58,2026-04-06T21:21:24.021601
2025-02-14,USD/EGP,50.59,2026-04-06T21:21:24.021633
2025-02-17,USD/EGP,50.62,2026-04-06T21:21:24.021665
2025-02-18,USD/EGP,50.58,2026-04-06T21:21:24.021697
2025-02-19,USD/EGP,50.61,2026-04-06T21:21:24.021729
2025-02-20,USD/EGP,50.61,2026-04-06T21:21:24.021771
2025-02-21,USD/EGP,50.55,2026-04-06T21:21:24.021806
2025-02-24,USD/EGP,50.48,2026-04-06T21:21:24.021839
2025-02-25,USD/EGP,50.57,2026-04-06T21:21:24.021874
2025-02-26,USD/EGP,50.55,2026-04-06T21:21:24.021906
2025-02-27,USD/EGP,50.56,2026-04-06T21:21:24.021938
2025-02-28,USD/EGP,50.63,2026-04-06T21:21:24.021970
2025-03-03,USD/EGP,50.44,2026-04-06T21:21:24.022002
2025-03-04,USD/EGP,50.61,2026-04-06T21:21:24.022034
2025-03-05,USD/EGP,50.6,2026-04-06T21:21:24.022067
2025-03-06,USD/EGP,50.64,2026-04-06T21:21:24.022100
2025-03-07,USD/EGP,50.65,2026-04-06T21:21:24.022134
2025-03-10,USD/EGP,50.56,2026-04-06T21:21:24.022167
2025-03-11,USD/EGP,50.57,2026-04-06T21:21:24.022200
2025-03-12,USD/EGP,50.58,2026-04-06T21:21:24.022233
2025-03-13,USD/EGP,50.63,2026-04-06T21:21:24.022265
2025-03-14,USD/EGP,50.62,2026-04-06T21:21:24.022298
2025-03-17,USD/EGP,50.64,2026-04-06T21:21:24.022333
2025-03-18,USD/EGP,50.48,2026-04-06T21:21:24.022365
2025-03-19,USD/EGP,50.47,2026-04-06T21:21:24.022398
2025-03-20,USD/EGP,50.6,2026-04-06T21:21:24.022430
2025-03-21,USD/EGP,50.53,2026-04-06T21:21:24.022461
2025-03-24,USD/EGP,50.44,2026-04-06T21:21:24.022494
2025-03-25,USD/EGP,50.58,2026-04-06T21:21:24.022526
2025-03-26,USD/EGP,50.55,2026-04-06T21:21:24.022559
2025-03-27,USD/EGP,50.52,2026-04-06T21:21:24.022591
2025-03-28,USD/EGP,50.54,2026-04-06T21:21:24.022623
2025-03-31,USD/EGP,50.57,2026-04-06T21:21:24.022656
2025-04-01,USD/EGP,50.55,2026-04-06T21:21:24.022689
2025-04-02,USD/EGP,50.55,2026-04-06T21:21:24.022722
2025-04-03,USD/EGP,50.54,2026-04-06T21:21:24.022772
2025-04-04,USD/EGP,50.57,2026-04-06T21:21:24.022807
2025-04-07,USD/EGP,50.76,2026-04-06T21:21:24.022840
2025-04-08,USD/EGP,51.37,2026-04-06T21:21:24.022874
2025-04-09,USD/EGP,51.24,2026-04-06T21:21:24.022907
2025-04-10,USD/EGP,51.63,2026-04-06T21:21:24.022942
2025-04-11,USD/EGP,51.29,2026-04-06T21:21:24.022975
2025-04-14,USD/EGP,51.33,2026-04-06T21:21:24.023008
2025-04-15,USD/EGP,50.97,2026-04-06T21:21:24.023040
2025-04-16,USD/EGP,50.94,2026-04-06T21:21:24.023073
2025-04-17,USD/EGP,51.07,2026-04-06T21:21:24.023106
2025-04-22,USD/EGP,50.46,2026-04-06T21:21:24.023137
2025-04-23,USD/EGP,51.02,2026-04-06T21:21:24.023169
2025-04-24,USD/EGP,50.94,2026-04-06T21:21:24.023204
2025-04-25,USD/EGP,50.93,2026-04-06T21:21:24.023235
2025-04-28,USD/EGP,51.0,2026-04-06T21:21:24.023268
2025-04-29,USD/EGP,50.81,2026-04-06T21:21:24.023300
2025-04-30,USD/EGP,50.77,2026-04-06T21:21:24.023332
2025-05-01,USD/EGP,50.81,2026-04-06T21:21:24.023364
2025-05-02,USD/EGP,50.94,2026-04-06T21:21:24.023397
2025-05-05,USD/EGP,50.63,2026-04-06T21:21:24.023429
2025-05-06,USD/EGP,50.64,2026-04-06T21:21:24.023461
2025-05-07,USD/EGP,50.63,2026-04-06T21:21:24.023493
2025-05-08,USD/EGP,50.61,2026-04-06T21:21:24.023525
2025-05-09,USD/EGP,50.6,2026-04-06T21:21:24.023556
2025-05-12,USD/EGP,50.67,2026-04-06T21:21:24.023588
2025-05-13,USD/EGP,50.47,2026-04-06T21:21:24.023620
2025-05-14,USD/EGP,50.43,2026-04-06T21:21:24.023651
2025-05-15,USD/EGP,50.36,2026-04-06T21:21:24.023686
2025-05-16,USD/EGP,50.12,2026-04-06T21:21:24.023718
2025-05-19,USD/EGP,49.98,2026-04-06T21:21:24.023758
2025-05-20,USD/EGP,50.03,2026-04-06T21:21:24.023793
2025-05-21,USD/EGP,49.87,2026-04-06T21:21:24.023825
2025-05-22,USD/EGP,49.91,2026-04-06T21:21:24.023858
2025-05-23,USD/EGP,49.86,2026-04-06T21:21:24.023890
2025-05-26,USD/EGP,49.84,2026-04-06T21:21:24.023922
2025-05-27,USD/EGP,49.78,2026-04-06T21:21:24.023955
2025-05-28,USD/EGP,49.77,2026-04-06T21:21:24.023990
2025-05-29,USD/EGP,49.76,2026-04-06T21:21:24.024027
2025-05-30,USD/EGP,49.73,2026-04-06T21:21:24.024060
2025-06-02,USD/EGP,49.5,2026-04-06T21:21:24.024092
2025-06-03,USD/EGP,49.65,2026-04-06T21:21:24.024124
2025-06-04,USD/EGP,49.64,2026-04-06T21:21:24.024155
2025-06-05,USD/EGP,49.64,2026-04-06T21:21:24.024187
2025-06-06,USD/EGP,49.62,2026-04-06T21:21:24.024219
2025-06-09,USD/EGP,49.39,2026-04-06T21:21:24.024253
2025-06-10,USD/EGP,49.61,2026-04-06T21:21:24.024286
2025-06-11,USD/EGP,49.5,2026-04-06T21:21:24.024317
2025-06-12,USD/EGP,49.48,2026-04-06T21:21:24.024349
2025-06-13,USD/EGP,49.74,2026-04-06T21:21:24.024380
2025-06-16,USD/EGP,49.69,2026-04-06T21:21:24.024411
2025-06-17,USD/EGP,50.24,2026-04-06T21:21:24.024443
2025-06-18,USD/EGP,50.12,2026-04-06T21:21:24.024474
2025-06-19,USD/EGP,50.49,2026-04-06T21:21:24.024507
2025-06-20,USD/EGP,50.64,2026-04-06T21:21:24.024539
2025-06-23,USD/EGP,50.73,2026-04-06T21:21:24.024571
2025-06-24,USD/EGP,50.64,2026-04-06T21:21:24.024603
2025-06-25,USD/EGP,50.02,2026-04-06T21:21:24.024635
2025-06-26,USD/EGP,49.86,2026-04-06T21:21:24.024667
2025-06-27,USD/EGP,49.87,2026-04-06T21:21:24.024700
2025-06-30,USD/EGP,49.64,2026-04-06T21:21:24.024733
2025-07-01,USD/EGP,49.57,2026-04-06T21:21:24.024775
2025-07-02,USD/EGP,49.41,2026-04-06T21:21:24.024809
2025-07-03,USD/EGP,49.32,2026-04-06T21:21:24.024842
2025-07-04,USD/EGP,49.33,2026-04-06T21:21:24.024874
2025-07-07,USD/EGP,49.22,2026-04-06T21:21:24.024906
2025-07-08,USD/EGP,49.64,2026-04-06T21:21:24.024938
2025-07-09,USD/EGP,49.64,2026-04-06T21:21:24.024970
2025-07-10,USD/EGP,49.58,2026-04-06T21:21:24.025005
2025-07-11,USD/EGP,49.48,2026-04-06T21:21:24.025038
2025-07-14,USD/EGP,49.52,2026-04-06T21:21:24.025071
2025-07-15,USD/EGP,49.43,2026-04-06T21:21:24.025103
2025-07-16,USD/EGP,49.38,2026-04-06T21:21:24.025135
2025-07-17,USD/EGP,49.39,2026-04-06T21:21:24.025167
2025-07-18,USD/EGP,49.38,2026-04-06T21:21:24.025199
2025-07-21,USD/EGP,49.39,2026-04-06T21:21:24.025231
2025-07-22,USD/EGP,49.22,2026-04-06T21:21:24.025262
2025-07-23,USD/EGP,49.04,2026-04-06T21:21:24.025296
2025-07-24,USD/EGP,49.06,2026-04-06T21:21:24.025329
2025-07-25,USD/EGP,49.03,2026-04-06T21:21:24.025360
2025-07-28,USD/EGP,49.05,2026-04-06T21:21:24.025392
2025-07-29,USD/EGP,48.75,2026-04-06T21:21:24.025425
2025-07-30,USD/EGP,48.62,2026-04-06T21:21:24.025456
2025-07-31,USD/EGP,48.71,2026-04-06T21:21:24.025488
2025-08-01,USD/EGP,48.54,2026-04-06T21:21:24.025520
2025-08-04,USD/EGP,48.34,2026-04-06T21:21:24.025552
2025-08-05,USD/EGP,48.42,2026-04-06T21:21:24.025584
2025-08-06,USD/EGP,48.4,2026-04-06T21:21:24.025615
2025-08-07,USD/EGP,48.41,2026-04-06T21:21:24.025647
2025-08-08,USD/EGP,48.51,2026-04-06T21:21:24.025679
2025-08-11,USD/EGP,48.16,2026-04-06T21:21:24.025716
2025-08-12,USD/EGP,48.45,2026-04-06T21:21:24.025756
2025-08-13,USD/EGP,48.43,2026-04-06T21:21:24.025791
2025-08-14,USD/EGP,48.29,2026-04-06T21:21:24.025824
2025-08-15,USD/EGP,48.27,2026-04-06T21:21:24.025856
2025-08-18,USD/EGP,48.22,2026-04-06T21:21:24.025888
2025-08-19,USD/EGP,48.34,2026-04-06T21:21:24.025920
2025-08-20,USD/EGP,48.42,2026-04-06T21:21:24.025953
2025-08-21,USD/EGP,48.55,2026-04-06T21:21:24.025985
2025-08-22,USD/EGP,48.46,2026-04-06T21:21:24.026017
2025-08-25,USD/EGP,48.4,2026-04-06T21:21:24.026053
2025-08-26,USD/EGP,48.47,2026-04-06T21:21:24.026085
2025-08-27,USD/EGP,48.57,2026-04-06T21:21:24.026117
2025-08-28,USD/EGP,48.61,2026-04-06T21:21:24.026148
2025-08-29,USD/EGP,48.46,2026-04-06T21:21:24.026180
2025-09-01,USD/EGP,47.93,2026-04-06T21:21:24.026213
2025-09-02,USD/EGP,48.5,2026-04-06T21:21:24.026245
2025-09-03,USD/EGP,48.49,2026-04-06T21:21:24.026277
2025-09-04,USD/EGP,48.52,2026-04-06T21:21:24.026308
2025-09-05,USD/EGP,48.52,2026-04-06T21:21:24.026343
2025-09-08,USD/EGP,48.55,2026-04-06T21:21:24.026376
2025-09-09,USD/EGP,48.18,2026-04-06T21:21:24.026408
2025-09-10,USD/EGP,47.94,2026-04-06T21:21:24.026439
2025-09-11,USD/EGP,48.07,2026-04-06T21:21:24.026471
2025-09-12,USD/EGP,48.2,2026-04-06T21:21:24.026503
2025-09-15,USD/EGP,48.04,2026-04-06T21:21:24.026536
2025-09-16,USD/EGP,48.15,2026-04-06T21:21:24.026569
2025-09-17,USD/EGP,48.05,2026-04-06T21:21:24.026601
2025-09-18,USD/EGP,48.11,2026-04-06T21:21:24.026633
2025-09-19,USD/EGP,48.16,2026-04-06T21:21:24.026665
2025-09-22,USD/EGP,47.62,2026-04-06T21:21:24.026696
2025-09-23,USD/EGP,48.13,2026-04-06T21:21:24.026728
2025-09-24,USD/EGP,48.11,2026-04-06T21:21:24.026769
2025-09-25,USD/EGP,48.13,2026-04-06T21:21:24.026802
2025-09-26,USD/EGP,48.1,2026-04-06T21:21:24.026835
2025-09-29,USD/EGP,48.31,2026-04-06T21:21:24.026871
2025-09-30,USD/EGP,48.02,2026-04-06T21:21:24.026904
2025-10-01,USD/EGP,47.82,2026-04-06T21:21:24.026950
2025-10-02,USD/EGP,47.83,2026-04-06T21:21:24.026998
2025-10-03,USD/EGP,47.72,2026-04-06T21:21:24.027031
2025-10-06,USD/EGP,47.61,2026-04-06T21:21:24.027064
2025-10-07,USD/EGP,47.57,2026-04-06T21:21:24.027096
2025-10-08,USD/EGP,47.54,2026-04-06T21:21:24.027132
2025-10-09,USD/EGP,47.53,2026-04-06T21:21:24.027164
2025-10-10,USD/EGP,47.52,2026-04-06T21:21:24.027196
2025-10-13,USD/EGP,47.42,2026-04-06T21:21:24.027228
2025-10-14,USD/EGP,47.67,2026-04-06T21:21:24.027260
2025-10-15,USD/EGP,47.68,2026-04-06T21:21:24.027292
2025-10-16,USD/EGP,47.57,2026-04-06T21:21:24.027324
2025-10-17,USD/EGP,47.57,2026-04-06T21:21:24.027356
2025-10-20,USD/EGP,47.51,2026-04-06T21:21:24.027392
2025-10-21,USD/EGP,47.47,2026-04-06T21:21:24.027424
2025-10-22,USD/EGP,47.51,2026-04-06T21:21:24.027470
2025-10-23,USD/EGP,47.54,2026-04-06T21:21:24.027517
2025-10-24,USD/EGP,47.57,2026-04-06T21:21:24.027550
2025-10-27,USD/EGP,47.47,2026-04-06T21:21:24.027583
2025-10-28,USD/EGP,47.42,2026-04-06T21:21:24.027615
2025-10-29,USD/EGP,47.34,2026-04-06T21:21:24.027648
2025-10-30,USD/EGP,47.26,2026-04-06T21:21:24.027680
2025-10-31,USD/EGP,47.2,2026-04-06T21:21:24.027712
2025-11-03,USD/EGP,47.27,2026-04-06T21:21:24.027754
2025-11-04,USD/EGP,47.18,2026-04-06T21:21:24.027788
2025-11-05,USD/EGP,47.28,2026-04-06T21:21:24.027821
2025-11-06,USD/EGP,47.37,2026-04-06T21:21:24.027853
2025-11-07,USD/EGP,47.27,2026-04-06T21:21:24.027888
2025-11-10,USD/EGP,47.04,2026-04-06T21:21:24.027921
2025-11-11,USD/EGP,47.24,2026-04-06T21:21:24.027954
2025-11-12,USD/EGP,47.16,2026-04-06T21:21:24.027986
2025-11-13,USD/EGP,47.16,2026-04-06T21:21:24.028018
2025-11-14,USD/EGP,47.16,2026-04-06T21:21:24.028049
2025-11-17,USD/EGP,47.01,2026-04-06T21:21:24.028080
2025-11-18,USD/EGP,47.03,2026-04-06T21:21:24.028111
2025-11-19,USD/EGP,47.13,2026-04-06T21:21:24.028142
2025-11-20,USD/EGP,47.36,2026-04-06T21:21:24.028173
2025-11-21,USD/EGP,47.38,2026-04-06T21:21:24.028208
2025-11-24,USD/EGP,47.45,2026-04-06T21:21:24.028240
2025-11-25,USD/EGP,47.71,2026-04-06T21:21:24.028272
2025-11-26,USD/EGP,47.78,2026-04-06T21:21:24.028304
2025-11-27,USD/EGP,47.69,2026-04-06T21:21:24.028336
2025-11-28,USD/EGP,47.59,2026-04-06T21:21:24.028369
2025-12-01,USD/EGP,47.42,2026-04-06T21:21:24.028400
2025-12-02,USD/EGP,47.49,2026-04-06T21:21:24.028433
2025-12-03,USD/EGP,47.49,2026-04-06T21:21:24.028466
2025-12-04,USD/EGP,47.52,2026-04-06T21:21:24.028498
2025-12-05,USD/EGP,47.49,2026-04-06T21:21:24.028530
2025-12-08,USD/EGP,47.49,2026-04-06T21:21:24.028562
2025-12-09,USD/EGP,47.44,2026-04-06T21:21:24.028594
2025-12-10,USD/EGP,47.52,2026-04-06T21:21:24.028626
2025-12-11,USD/EGP,47.53,2026-04-06T21:21:24.028667
2025-12-12,USD/EGP,47.51,2026-04-06T21:21:24.028699
2025-12-15,USD/EGP,47.33,2026-04-06T21:21:24.028731
2025-12-16,USD/EGP,47.4,2026-04-06T21:21:24.028773
2025-12-17,USD/EGP,47.36,2026-04-06T21:21:24.028806
2025-12-18,USD/EGP,47.57,2026-04-06T21:21:24.028838
2025-12-19,USD/EGP,47.48,2026-04-06T21:21:24.028871
2025-12-22,USD/EGP,47.7,2026-04-06T21:21:24.028903
2025-12-23,USD/EGP,47.42,2026-04-06T21:21:24.028935
2025-12-24,USD/EGP,47.45,2026-04-06T21:21:24.028967
2025-12-26,USD/EGP,47.48,2026-04-06T21:21:24.029000
2025-12-29,USD/EGP,47.55,2026-04-06T21:21:24.029033
2025-12-30,USD/EGP,47.64,2026-04-06T21:21:24.029066
2025-12-31,USD/EGP,47.69,2026-04-06T21:21:24.029101
2026-01-02,USD/EGP,47.62,2026-04-06T21:21:24.029134
2026-01-05,USD/EGP,47.86,2026-04-06T21:21:24.029166
2026-01-06,USD/EGP,47.28,2026-04-06T21:21:24.029198
2026-01-07,USD/EGP,47.21,2026-04-06T21:21:24.029234
2026-01-08,USD/EGP,47.22,2026-04-06T21:21:24.029266
2026-01-09,USD/EGP,47.25,2026-04-06T21:21:24.029298
2026-01-12,USD/EGP,47.43,2026-04-06T21:21:24.029330
2026-01-13,USD/EGP,47.12,2026-04-06T21:21:24.029363
2026-01-14,USD/EGP,47.07,2026-04-06T21:21:24.029395
2026-01-15,USD/EGP,47.27,2026-04-06T21:21:24.029427
2026-01-16,USD/EGP,47.22,2026-04-06T21:21:24.029459
2026-01-19,USD/EGP,47.01,2026-04-06T21:21:24.029492
2026-01-20,USD/EGP,47.39,2026-04-06T21:21:24.029531
2026-01-21,USD/EGP,47.44,2026-04-06T21:21:24.029565
2026-01-22,USD/EGP,47.36,2026-04-06T21:21:24.029599
2026-01-23,USD/EGP,47.02,2026-04-06T21:21:24.029632
2026-01-26,USD/EGP,46.97,2026-04-06T21:21:24.029664
2026-01-27,USD/EGP,47.03,2026-04-06T21:21:24.029696
2026-01-28,USD/EGP,46.97,2026-04-06T21:21:24.029729
2026-01-29,USD/EGP,46.8,2026-04-06T21:21:24.029771
2026-01-30,USD/EGP,46.81,2026-04-06T21:21:24.029804
2026-02-02,USD/EGP,47.16,2026-04-06T21:21:24.029836
2026-02-03,USD/EGP,47.05,2026-04-06T21:21:24.029869
2026-02-04,USD/EGP,46.98,2026-04-06T21:21:24.029902
2026-02-05,USD/EGP,46.87,2026-04-06T21:21:24.029933
2026-02-06,USD/EGP,46.83,2026-04-06T21:21:24.029965
2026-02-09,USD/EGP,46.71,2026-04-06T21:21:24.029997
2026-02-10,USD/EGP,46.83,2026-04-06T21:21:24.030030
2026-02-11,USD/EGP,46.76,2026-04-06T21:21:24.030062
2026-02-12,USD/EGP,46.74,2026-04-06T21:21:24.030094
2026-02-13,USD/EGP,46.82,2026-04-06T21:21:24.030126
2026-02-16,USD/EGP,46.62,2026-04-06T21:21:24.030158
2026-02-17,USD/EGP,46.66,2026-04-06T21:21:24.030190
2026-02-18,USD/EGP,46.87,2026-04-06T21:21:24.030222
2026-02-19,USD/EGP,46.88,2026-04-06T21:21:24.030253
2026-02-20,USD/EGP,47.47,2026-04-06T21:21:24.030287
2026-02-23,USD/EGP,47.37,2026-04-06T21:21:24.030319
2026-02-24,USD/EGP,47.73,2026-04-06T21:21:24.030351
2026-02-25,USD/EGP,47.77,2026-04-06T21:21:24.030384
2026-02-26,USD/EGP,47.95,2026-04-06T21:21:24.030416
2026-02-27,USD/EGP,47.93,2026-04-06T21:21:24.030448
2026-03-02,USD/EGP,47.71,2026-04-06T21:21:24.030479
2026-03-03,USD/EGP,49.19,2026-04-06T21:21:24.030511
2026-03-04,USD/EGP,49.85,2026-04-06T21:21:24.030543
2026-03-05,USD/EGP,50.16,2026-04-06T21:21:24.030578
2026-03-06,USD/EGP,50.07,2026-04-06T21:21:24.030611
2026-03-09,USD/EGP,50.73,2026-04-06T21:21:24.030643
2026-03-10,USD/EGP,52.76,2026-04-06T21:21:24.030674
2026-03-11,USD/EGP,51.96,2026-04-06T21:21:24.030706
2026-03-12,USD/EGP,51.84,2026-04-06T21:21:24.030737
2026-03-13,USD/EGP,52.31,2026-04-06T21:21:24.030782
2026-03-16,USD/EGP,52.35,2026-04-06T21:21:24.030814
2026-03-17,USD/EGP,52.39,2026-04-06T21:21:24.030846
2026-03-18,USD/EGP,52.22,2026-04-06T21:21:24.030878
2026-03-19,USD/EGP,52.31,2026-04-06T21:21:24.030910
2026-03-20,USD/EGP,52.22,2026-04-06T21:21:24.030942
2026-03-23,USD/EGP,51.88,2026-04-06T21:21:24.030974
2026-03-24,USD/EGP,52.31,2026-04-06T21:21:24.031006
2026-03-25,USD/EGP,52.55,2026-04-06T21:21:24.031038
2026-03-26,USD/EGP,52.51,2026-04-06T21:21:24.031069
2026-03-27,USD/EGP,52.67,2026-04-06T21:21:24.031100
2026-03-30,USD/EGP,52.86,2026-04-06T21:21:24.031133
2026-03-31,USD/EGP,54.41,2026-04-06T21:21:24.031165
2026-04-01,USD/EGP,54.5,2026-04-06T21:21:24.031198
2026-04-02,USD/EGP,53.49,2026-04-06T21:21:24.031230
2026-04-03,USD/EGP,54.21,2026-04-06T21:21:24.031263
2026-04-06,USD/EGP,54.34,2026-04-06T21:21:24.031295
